F_degree,beta_degree,n_params,RSS,AIC,success
4,3,10,8594850.183842257,109930.95316847145,True
4,2,9,8599403.750453252,109938.37213799998,True
3,2,8,8616852.275725601,109972.41798103171,True
2,2,7,8618750.932326946,109974.33589560316,True
2,3,8,8618687.358820204,109976.20472441039,True
3,3,9,8619839.781542124,109980.58236759622,True
4,1,8,8676534.40821864,110095.16219478041,True
3,1,7,8705069.318392726,110151.54999046025,True
2,1,6,8707223.479994638,110153.95003776083,True
1,2,6,8739562.56624277,110219.87468747563,True
1,3,7,8742620.207420865,110228.09519601609,True
1,1,5,8750856.773696754,110240.84096577538,True
