player,year
Priyam Garg,2023
Aman Khan,2023
Kedar Jadhav,2023
Marco Jansen,2023
Dasun Shanaka,2023
Washington Sundar,2023
Abdul Samad,2023
Umran Malik,2023
Jason Roy,2023
Wayne Parnell,2023
Riley Meredith,2023
Vijaykumar Vyshak,2023
Michael Bracewell,2023
Sisanda Magala,2023
Aiden Markram,2023
Arshad Khan,2023
Gurnoor Brar,2023
Matthew Short,2023
Chris Jordan,2023
Abishek Porel,2023
Jake Fraser-McGurk,2024
Sandeep Warrier,2024
Luke Wood,2024
Sai Kishore,2024
Gulbadin Naib,2024
Tanush Kotian,2024
Phil Salt,2024
Richard Gleeson,2024
Matt Henry,2024
Dushmantha Chameera,2024
Kwena Maphaka,2024
Shamar Joseph,2024
BR Sharath,2024
Vijayakanth Viyaskanth,2024
Keshav Maharaj,2024
Lizaad Williams,2024
