bat,balls,runs,RAA,WAA,Impact,RAA_per_ball,impact_per_ball,Impact_pctile,Impact_z,impact_vs_mean_per_ball
Suryakumar Yadav,526,946,169.64692561377805,3.09908858376043,134.16716528131872,0.32252267226954,0.2550706564283626,100.0,3.0461434913620793,0.41876616258264954
Heinrich Klaasen,533,937,135.10980188972317,11.912803149342913,95.04066155611885,0.2534893093615819,0.17831268584637683,98.91304347826086,2.384579502812464,0.3420081920006638
Rashid Khan,129,236,46.289061341209944,5.675524907917502,67.91295825491022,0.35882993287759646,0.5264570407357382,97.82608695652173,1.9258952379932857,0.6901525468900251
Jake Fraser-McGurk,141,335,132.4440202322332,-3.2427892389066133,61.959836294139905,0.9393192924271859,0.43943146307900643,96.73913043478261,1.825237864251175,0.6031269692332935
Nicholas Pooran,487,862,101.4226799773542,11.429123045650817,59.207621328625315,0.20826012315678483,0.12157622449409716,95.65217391304348,1.7787024947042385,0.2852717306483841
Rajat Patidar,223,403,79.45792290688487,-3.244457007635477,46.967882742952355,0.35631355563625505,0.21061830826436034,94.56521739130434,1.5717489080916112,0.3743138144186473
Tilak Varma,470,735,63.40436080505995,12.629177070479733,45.21356473256436,0.13490289532991478,0.0961990738990731,93.47826086956522,1.5420863134399654,0.2598945800533601
MS Dhoni,129,269,30.267745889209365,6.509343900167444,41.70940241148949,0.2346336890636385,0.32332870086425963,92.3913043478261,1.4828367669449003,0.4870242070185466
Shashank Singh,215,360,33.3783115565697,7.163914998252242,33.63287988440267,0.15524796072823116,0.156431999462338,91.30434782608695,1.3462762274661564,0.32012750561662495
Ashutosh Sharma,113,198,33.221524227975436,3.402403645866533,30.827583890108524,0.2939957896281012,0.27281047690361526,90.21739130434783,1.2988433461619118,0.4365059830579022
Travis Head,296,573,128.82300476195462,-7.370119082462827,26.458838766618953,0.4352128539255224,0.08938796880614511,89.13043478260869,1.224975144976561,0.25308347496043204
Will Jacks,131,237,36.00393315553896,-0.8573978505344495,16.07593020126891,0.2748391843934272,0.12271702443716725,88.04347826086956,1.049417460306287,0.2864125305914542
Yashasvi Jaiswal,661,1073,77.86284029622999,-10.648901918685453,11.847041036872586,0.1177955223846142,0.01792290625850618,86.95652173913044,0.9779139903724168,0.18161841241279314
Jason Roy,188,288,30.94544526735577,-0.40506586633242303,11.022908919626005,0.16460343227316898,0.058632494253329816,85.86956521739131,0.9639792893726356,0.22232800040761677
Phil Salt,367,666,112.29721448669805,-7.827019323100214,0.4357519421114979,0.30598696045421814,0.0011873349921294222,84.78260869565217,0.784968104354989,0.16488284114641638
Rinku Singh,414,627,8.27786087680963,16.323840938194515,-1.745982752106361,0.019994833035772052,-0.004217349642768988,83.69565217391305,0.7480786057071906,0.15947815651151798
M Shahrukh Khan,162,276,26.797524262589874,2.275432182014504,-1.8453337670554628,0.16541681643573997,-0.011390949179354709,82.6086956521739,0.7463987455750968,0.15230455697493225
Tristan Stubbs,229,408,44.63351926076114,6.487706631621274,-3.0304983650487483,0.19490619764524517,-0.013233617314623355,81.52173913043478,0.7263595868492622,0.1504618888396636
Dinesh Karthik,278,471,23.30840725392262,0.8066755815098449,-4.99939798135174,0.08384319156087273,-0.017983445976085397,80.43478260869566,0.6930687747602615,0.14571206017820157
Riyan Parag,450,659,-21.377605331472907,5.819619519035538,-6.569327481205236,-0.04750578962549535,-0.014598505513789413,79.34782608695652,0.6665238826084015,0.14909700064049755
Nehal Wadhera,247,354,18.722386626480226,2.711811996402485,-8.184441938860296,0.07579913613959606,-0.03313539246502144,78.26086956521739,0.639214988103671,0.1305601136892655
Shreyas Iyer,229,347,12.037864367887815,3.510266850664346,-10.376836710444348,0.05256709330955378,-0.04531369742552117,77.17391304347827,0.6021452453085763,0.1183818087287658
Rishabh Pant,287,447,27.767867366727426,5.78636096996671,-10.409349164005576,0.09675215110357988,-0.036269509282249396,76.08695652173914,0.6015955138884994,0.12742599687203757
Glenn Maxwell,261,457,54.66259269742651,-8.657921465723849,-11.415978107217818,0.20943522106293683,-0.043739379721141065,75.0,0.5845750956232184,0.1199561264331459
Sikandar Raza,123,168,-10.072824008772441,2.193319147028818,-13.595465623083218,-0.08189287812010115,-0.11053224083807495,73.91304347826086,0.5477235930172917,0.053163265316212016
Venkatesh Iyer,461,707,43.740657375002336,5.22688332451393,-15.822645675022212,0.09488212011931092,-0.03432244181132801,72.82608695652173,0.5100656890878402,0.12937306434295895
Shivam Dube,487,802,5.185781832079106,-0.6798196765336937,-20.037300337794676,0.010648422653139847,-0.041144353876375106,71.73913043478261,0.4388029008600443,0.12255115227791186
Nitish Rana,287,403,6.417406312566855,4.295884088841438,-21.44944243511773,0.02236030074065106,-0.07473673322340672,70.65217391304348,0.4149259307922546,0.08895877293088024
Rahul Tewatia,186,285,-12.9266566242823,3.07520388732266,-21.69183992986739,-0.06949815389399086,-0.11662279532186767,69.56521739130434,0.41082739301930926,0.04707271083241929
Aman Khan,101,115,-16.04981835216898,1.028471266716855,-22.611535758699787,-0.15890909259573247,-0.22387659167029492,68.47826086956522,0.3952768688772062,-0.060181085516007954
Rachin Ravindra,138,224,22.628727878136807,-4.395762007869371,-22.74745962016921,0.16397628897200586,-0.16483666391426963,67.3913043478261,0.39297862284519847,-0.0011411577599826639
Faf du Plessis,746,1191,16.900574982395803,-14.382186175607433,-27.47784664896015,0.022654926249860326,-0.036833574596461326,66.30434782608695,0.31299565957994924,0.12686193155782563
Nitish Kumar Reddy,212,304,11.571939206689363,3.5427486601628013,-31.308626023128483,0.054584618899478125,-0.14768219822230416,65.21739130434783,0.24822356290022074,0.0160133079319828
Sanju Samson,582,899,8.100783876062687,4.494799185830966,-35.26710014275324,0.013918872639282967,-0.0605963919978578,64.13043478260869,0.18129236082957095,0.10309911415642917
Vijay Shankar,260,397,-1.528242056563162,2.0956005132366253,-36.401586027698556,-0.00587785406370447,-0.14000610010653292,63.04347826086957,0.16211009470456905,0.023689406047754047
Mahipal Lomror,165,276,12.669934381165389,-5.732149684661001,-38.81610883909371,0.07678748109797205,-0.2352491444793558,61.95652173913043,0.12128453684819947,-0.07155363832506884
Daryl Mitchell,223,320,-17.71839154714302,1.2141624862903486,-39.25395041523272,-0.07945467061499113,-0.17602668347637992,60.86956521739131,0.11388136529221866,-0.012331177322092962
Andre Russell,243,395,24.84140309040524,4.359506489652559,-41.87592576058799,0.10222799625681168,-0.1723289125950123,59.78260869565217,0.06954813072736298,-0.008633406440725327
Shubman Gill,833,1294,-23.368175017563317,-5.107941718444042,-42.5223309389004,-0.02805303123356941,-0.05104721601308572,58.69565217391305,0.05861849615058222,0.11264829014120124
Shai Hope,122,183,18.067559970532983,0.5545197903551619,-42.94945496508504,0.14809475385682774,-0.35204471282856586,57.608695652173914,0.05139654050760751,-0.1883492066742789
Abdul Samad,236,359,6.988208765665645,5.664827022921029,-43.22546360953048,0.02961105409180358,-0.18315874410818,56.52173913043478,0.04672969419350932,-0.019463237953893042
Tim David,295,483,5.531087220853624,6.846181413395688,-43.28015048998728,0.01874944820628347,-0.14671237454232974,55.434782608695656,0.04580503015988051,0.01698313161195722
Moeen Ali,189,259,-17.72652112400542,-1.1493988248911893,-43.60713285283188,-0.09379111705822973,-0.23072557064990412,54.347826086956516,0.040276303195975215,-0.06703006449561716
Sai Sudharsan,582,805,-86.65284878809337,5.319461073472713,-43.7889486578511,-0.14888805633693017,-0.07523874339836958,53.2608695652174,0.03720210086001734,0.08845676275591738
Abhishek Sharma,394,722,140.1967387729263,-15.435670560745182,-44.29815797298623,0.35582928622570126,-0.11243187302788384,52.17391304347826,0.028592219744816967,0.05126363312640313
Ravindra Jadeja,314,452,-56.07801998739913,8.027141018744569,-45.82385181415103,-0.17859242034203546,-0.14593583380302874,51.08695652173913,0.0027952788794749456,0.01775967235125822
Shimron Hetmyer,266,419,-27.58179064632495,4.191612205932918,-45.902366891413514,-0.10369094227941711,-0.17256528906546434,50.0,0.0014677197384930217,-0.008869782911177376
Angkrish Raghuvanshi,105,166,13.644005066466658,-1.506151295419449,-47.355653042148546,0.12994290539492054,-0.4510062194490338,48.91304347826087,-0.023104927721570166,-0.28731071329474683
Axar Patel,382,527,-3.624686435060227,10.807566471446169,-47.6839104547586,-0.00948870794518384,-0.12482699071926336,47.82608695652174,-0.02865521365262359,0.03886851543502361
Manish Pandey,177,205,-15.873489740504658,1.4196399632125245,-48.830854677880225,-0.08968073299720146,-0.27588053490327813,46.73913043478261,-0.048048129519102645,-0.11218502874899117
Rahmanullah Gurbaz,200,288,15.229916268927932,-4.291765604123028,-49.50385887406792,0.07614958134463966,-0.24751929437033962,45.65217391304348,-0.05942750917100347,-0.08382378821605266
Atharva Taide,168,251,9.271668604833728,-0.6332643700191556,-49.93388465460892,0.055188503600200764,-0.29722550389648167,44.565217391304344,-0.06669852864547374,-0.1335299977421947
Marcus Stoinis,535,813,30.577501609762958,4.1661118707937845,-51.810441566096124,0.05715420861637936,-0.09684194685251613,43.47826086956522,-0.09842797945005063,0.06685355930177084
Liam Livingstone,249,403,19.52554343857402,2.9622796793420836,-54.442860789325145,0.0784158371027069,-0.21864602726636603,42.391304347826086,-0.14293780258899955,-0.05495052111207907
Anuj Rawat,148,194,-33.825707198740936,5.466329874204397,-54.72991118019961,-0.22855207566716848,-0.3697966971635109,41.30434782608695,-0.14779134643833988,-0.20610119100922392
Rilee Rossouw,257,423,39.5259597049285,-0.35764679789037224,-56.14496752484076,0.15379750857948835,-0.21846290865696794,40.21739130434783,-0.17171759157279337,-0.05476740250268097
Cameron Green,460,721,6.650171583460637,2.222492472099628,-60.30544505349762,0.01445689474665356,-0.13109879359456006,39.130434782608695,-0.2420643347282916,0.032596712559726904
Jonny Bairstow,195,301,6.457730265027449,-5.398054136139126,-61.05474401125559,0.03311656546167922,-0.3131012513397723,38.04347826086957,-0.25473373168213104,-0.14940574518548533
Shikhar Dhawan,353,497,-0.24671354426421677,4.272252104087262,-62.34409388990456,-0.0006989052245445234,-0.17661216399406393,36.95652173913043,-0.2765344899186918,-0.012916657839776968
Ambati Rayudu,105,139,-25.84331909680176,-3.865323490715145,-62.79684902217869,-0.24612684854096914,-0.5980652287826542,35.869565217391305,-0.2841898248611458,-0.43436972262836726
Dhruv Jurel,229,348,-36.56902596597026,2.169228903914184,-63.404587265033605,-0.15969006972039415,-0.2768759269215441,34.78260869565217,-0.294465665983088,-0.11318042076725715
Ravichandran Ashwin,125,160,-16.197724005464707,-2.7770781346807194,-63.52037085339787,-0.12958179204371764,-0.508162966827183,33.69565217391305,-0.2964233735529958,-0.344467460672896
Sunil Narine,292,529,85.00566946793636,-9.148124444540942,-64.9378742030114,0.2911153063970423,-0.22238998014729933,32.608695652173914,-0.32039099346452876,-0.058694473993012364
Virat Kohli,936,1392,-77.87035395120193,-7.437756318694122,-64.98805460834626,-0.08319482259743796,-0.06943168227387421,31.521739130434785,-0.32123946051217306,0.09426382388041275
Abishek Porel,236,362,25.671691009107988,0.11147539510796567,-66.05114030941753,0.10877835173350843,-0.27987771317549803,30.434782608695656,-0.33921446848912673,-0.11618220702121107
Kyle Mayers,263,390,-25.896218423217416,-10.134958316883935,-66.40845061314619,-0.0984647088335263,-0.2525036144986547,29.347826086956523,-0.34525599040339777,-0.08880810834436775
Mitchell Marsh,135,197,2.9047687336061485,-5.772913853554494,-70.23160055973499,0.02151680543411962,-0.5202340782202591,28.26086956521739,-0.4098990861742969,-0.35653857206597217
Ajinkya Rahane,372,560,14.854836182593914,-7.733640599933484,-71.64728501257267,0.03993235532955353,-0.19260022852842115,27.173913043478258,-0.4338359515718502,-0.02890472237413419
Jitesh Sharma,329,485,17.11016491989856,0.1870637295106612,-78.80577723272896,0.05200658030364304,-0.2395312377894497,26.08695652173913,-0.5548741281088925,-0.07583573163516275
David Miller,317,481,-30.26019056409328,2.052420769886173,-79.32541565770671,-0.09545801439777059,-0.2502379042829865,25.0,-0.563660348095385,-0.08654239812869952
Ruturaj Gaikwad,797,1157,-67.10727980561471,-4.553914493640854,-80.50095373247615,-0.08419984919148646,-0.10100496076847697,23.91304347826087,-0.5835367383524455,0.06269054538581
Rahul Tripathi,328,455,3.923797595526945,1.974608758927481,-82.19493891761519,0.011962797547338247,-0.25059432596833897,22.82608695652174,-0.6121792054508476,-0.08689881981405201
Ayush Badoni,344,484,-32.63351830443577,9.181322282270271,-82.65305482001163,-0.09486487879196444,-0.24027050819770823,21.73913043478261,-0.6199251820843846,-0.07657500204342127
David Warner,517,695,-47.048071399305584,1.182594858028171,-89.47645096172428,-0.09100207233908236,-0.1730685705255789,20.652173913043477,-0.7352974422451644,-0.009373064371291928
Shahbaz Ahmed,205,265,-28.545382143800513,4.301534417329039,-90.81452571376391,-0.13924576655512444,-0.44299768640860443,19.565217391304348,-0.7579220569092837,-0.27930218025431747
Devon Conway,456,640,-103.68663883795331,-5.7160748775441785,-93.11001270255363,-0.22738297990779235,-0.20418862434770532,18.478260869565215,-0.7967349173333392,-0.04049311819341836
Sam Curran,405,530,-44.18947024629188,3.7485475310562,-98.4480262486256,-0.10910980307726391,-0.2430815462929027,17.391304347826086,-0.8869918326272244,-0.07938604013861575
Harry Brook,154,192,-45.68900350244914,-3.24005471122186,-102.6462594072938,-0.2966818409249944,-0.6665341519954142,16.304347826086957,-0.9579769605808107,-0.5028386458411273
Mayank Agarwal,267,342,-77.0035874028717,-7.692434025232323,-108.26977791447399,-0.2884029490744259,-0.4055047861965318,15.217391304347828,-1.0530612890815603,-0.24180928004224483
Krunal Pandya,270,330,-60.29787825946863,2.4183213013409595,-108.5620456698786,-0.223325475035069,-0.40208165062918,14.130434782608695,-1.058003049872351,-0.23838614447489304
KL Rahul,624,811,-115.62798210704415,0.7889910382666662,-110.74907795315931,-0.1853012533766733,-0.1774824967198066,13.043478260869565,-1.0949821219247842,-0.01378699056551963
Hardik Pandya,388,545,-48.300120636958574,-2.8709083801291957,-115.56390659588294,-0.12448484700247055,-0.2978451200924818,11.956521739130435,-1.1763928521917881,-0.13414961393819486
Quinton de Kock,288,396,-19.819186738849897,-7.80332148827217,-115.84800277793019,-0.06881662062100659,-0.40225000964559093,10.869565217391305,-1.1811964452919261,-0.23855450349130397
Devdutt Padikkal,253,305,-63.593123850693196,-2.868912545614598,-128.2176795743203,-0.25135622075372804,-0.5067892473293293,9.782608695652174,-1.3903470705551517,-0.3430937411750423
Prabhsimran Singh,439,679,56.6862347606621,-9.21144396417618,-130.25788015009334,0.12912581950036925,-0.29671498895237663,8.695652173913043,-1.4248434630728488,-0.13301948279808967
Jos Buttler,537,774,-70.11751641739959,-8.825272249386737,-137.87987048463853,-0.13057265627076273,-0.2567595353531444,7.608695652173914,-1.5537186204808104,-0.09306402919885742
Prithvi Shaw,206,308,-2.799429409287053,-12.761313481388,-139.88779549104626,-0.013589463151878898,-0.6790669684031372,6.521739130434782,-1.5876692868955062,-0.5153714622488502
Deepak Hooda,195,234,-38.230284302545975,-7.278561790364905,-141.02445529502805,-0.19605274001305628,-0.7232023348462977,5.434782608695652,-1.6068883103694054,-0.5595068286920107
Ishan Kishan,511,753,-13.696390096761586,-15.923088723540191,-148.8925697048289,-0.02680311173534557,-0.2913748917902718,4.3478260869565215,-1.7399250158177393,-0.12767938563598485
Aiden Markram,374,470,-68.17629941398917,0.8004870008558356,-164.5243651156471,-0.1822895706256395,-0.43990471956055377,3.260869565217391,-2.0042326317704506,-0.2762092134062668
Rohit Sharma,504,741,-22.950139876867016,-16.82542743493866,-185.3396708040927,-0.04553599181918059,-0.36773744207161246,2.1739130434782608,-2.3561847701686083,-0.2040419359173255
Wriddhiman Saha,363,475,-62.935063129420996,-18.225013831041224,-220.03260793512624,-0.1733748295576336,-0.6061504350829924,1.0869565217391304,-2.9427845344640664,-0.4424549289287054
