bat,balls,avg_venue_factor
Phil Salt,355,1.0528933602300938
Andre Russell,224,1.0525828845406395
Jason Roy,188,1.0498280614462556
Rajat Patidar,223,1.0492548364454992
Venkatesh Iyer,459,1.0456638621684098
Mahipal Lomror,165,1.043917008880035
Will Jacks,131,1.0434396298446176
Glenn Maxwell,261,1.0430383343544105
Abishek Porel,216,1.040830030466086
Rinku Singh,406,1.0381503227071591
Rahmanullah Gurbaz,200,1.0368010029641312
Nitish Rana,287,1.0360612814411614
Dinesh Karthik,278,1.034348301277487
Virat Kohli,936,1.0324535331780924
Mayank Agarwal,267,1.0315703165815635
Harry Brook,154,1.0305024234581275
Faf du Plessis,746,1.0300773097430085
Rohit Sharma,504,1.028641822182307
Axar Patel,367,1.0281055737141793
Shreyas Iyer,218,1.0265667366149582
Cameron Green,460,1.025698478214004
Tilak Varma,470,1.024690304394401
Sunil Narine,253,1.0242301024471052
Manish Pandey,176,1.023831765750389
Suryakumar Yadav,526,1.0201337316999357
M Shahrukh Khan,152,1.0198624218658672
Prithvi Shaw,169,1.0198047425336414
Atharva Taide,168,1.0194422316510416
Mitchell Marsh,121,1.0186127112402643
Ishan Kishan,511,1.016084129312683
Aman Khan,101,1.015835482534059
Rishabh Pant,230,1.0148840368974696
Tim David,295,1.0147617815843097
Shahbaz Ahmed,205,1.014504026909538
Tristan Stubbs,195,1.0140933848657068
Travis Head,296,1.0140028907932308
Anuj Rawat,148,1.0135733307108004
Abhishek Sharma,394,1.0132135754973728
David Miller,317,1.0115326539665135
David Warner,414,1.0102514884241702
Prabhsimran Singh,401,1.0099419647946557
Aiden Markram,374,1.0099059673336455
Heinrich Klaasen,533,1.0069118223660032
Jitesh Sharma,293,1.006532253850583
Rashid Khan,129,1.0063050974931598
Shai Hope,122,1.0059861739033382
Abdul Samad,236,1.0044272970848462
Jake Fraser-McGurk,141,1.0038843327316647
Hardik Pandya,388,1.003740337456536
Vijay Shankar,260,1.0027808179135955
Liam Livingstone,249,1.0015106650821
Yashasvi Jaiswal,618,1.0011304813296558
Shubman Gill,833,1.0004967543178078
Shikhar Dhawan,297,0.9987744471525876
Ravichandran Ashwin,102,0.9966278135521415
Sai Sudharsan,582,0.9961340607204325
Sam Curran,362,0.9920933725345261
Shimron Hetmyer,227,0.9917936326956083
Nitish Kumar Reddy,212,0.9906296538888371
Rilee Rossouw,232,0.9904512315925066
Riyan Parag,393,0.9904410418743145
Jos Buttler,475,0.9900867136121092
Wriddhiman Saha,363,0.9900857988374455
Sanju Samson,538,0.9894049683172489
Devdutt Padikkal,227,0.9864449811588444
Jonny Bairstow,173,0.9823289561000796
Rahul Tripathi,328,0.9816255130147544
Rahul Tewatia,186,0.9802174306704375
Rachin Ravindra,126,0.9800934495310426
Shashank Singh,213,0.9800196258101864
Quinton de Kock,288,0.974065678766564
Nicholas Pooran,487,0.9727415016444965
Ajinkya Rahane,342,0.9707443108111051
Shivam Dube,470,0.9684191218507374
Ayush Badoni,344,0.9629443226849281
Nehal Wadhera,247,0.9620140499814076
Daryl Mitchell,197,0.9591393619252838
Devon Conway,456,0.9575897188956881
Moeen Ali,189,0.9575624150232174
MS Dhoni,113,0.9566376362771853
Ashutosh Sharma,102,0.95549241181494
Ravindra Jadeja,297,0.955095453485336
Dhruv Jurel,210,0.9518052013805351
Sikandar Raza,121,0.9511193649920451
Ruturaj Gaikwad,795,0.9510419107828597
Ambati Rayudu,105,0.9508183035182053
Kyle Mayers,263,0.9379640724420782
Marcus Stoinis,535,0.9376660743459223
KL Rahul,624,0.9328601753904476
Deepak Hooda,195,0.9320992220947673
Krunal Pandya,270,0.9248093049120447
