bowl,balls,avg_venue_factor
Vijaykumar Vyshak,232,1.0574255942021689
Suyash Sharma,259,1.0557609907892522
Rasikh Salam,117,1.0525502233730777
Nathan Ellis,186,1.051488247923013
Lockie Ferguson,195,1.0457766466295897
Kumar Kartikeya,156,1.0451923212273306
Andre Russell,244,1.0425809154610057
Wayne Parnell,152,1.041727834850062
Varun Chakravarthy,545,1.0414186650720674
Reece Topley,102,1.0394123053050983
Harshit Rana,338,1.0386812061010677
Riley Meredith,119,1.0386107288975548
Anrich Nortje,304,1.0383383257496661
Mohammed Siraj,626,1.0361457877185332
Sunil Narine,552,1.0353853394938959
Glenn Maxwell,158,1.0350290734832148
Yash Dayal,388,1.0317111598427657
Wanindu Hasaranga,174,1.0302269110113118
Mitchell Starc,227,1.0289317251501962
Jofra Archer,122,1.0265058932402589
Josh Little,216,1.0244720321530427
Cameron Green,440,1.023724007361672
Karn Sharma,273,1.0236728582609624
Mayank Markande,361,1.0228440066000664
Arshad Khan,146,1.0226470513983932
Piyush Chawla,558,1.0211372824662268
Swapnil Singh,103,1.020919052930016
Marco Jansen,229,1.0209188906875506
Alzarri Joseph,202,1.0194106062466985
Hrithik Shokeen,116,1.018849274670192
Mukesh Kumar,361,1.0172751756512257
Jasprit Bumrah,291,1.016741942575856
Jason Behrendorff,252,1.0162493801502652
Nuwan Thushara,140,1.0157725222714569
Ishant Sharma,277,1.0151814869065452
Kuldeep Yadav,529,1.0137025308171574
Mitchell Santner,126,1.0128689207040147
Rahul Chahar,425,1.0125472776909585
Mayank Dagar,137,1.0121122683372892
Vaibhav Arora,249,1.0121022079494424
Axar Patel,498,1.0120169521356939
Nitish Kumar Reddy,111,1.0117763445297836
Bhuvneshwar Kumar,649,1.0113301287061607
Akash Madhwal,269,1.0112698377469662
Gerald Coetzee,202,1.0107972427802174
Harshal Patel,559,1.0107395580771685
T Natarajan,578,1.0097334512113827
Khaleel Ahmed,440,1.0079473586806638
Washington Sundar,136,1.0077864909944267
Hardik Pandya,343,1.0076249944495663
Umesh Yadav,216,1.0072691078731189
Mitchell Marsh,146,1.00723138921549
Mohammed Shami,374,1.0065984066761167
Pat Cummins,366,1.005090266214168
Umran Malik,126,1.0046971494072718
Chris Jordan,132,1.0024796701695236
Jason Holder,129,1.0024330269940582
Arshdeep Singh,541,0.9996932790441886
Trent Boult,482,0.9993778069354285
Abhishek Sharma,114,0.9985701965855148
Shahbaz Ahmed,208,0.9965658337668721
Sam Curran,475,0.9953599277481262
Rashid Khan,646,0.9942568342389565
Noor Ahmad,475,0.9929674717888823
Ravichandran Ashwin,552,0.9926572331740147
Yuzvendra Chahal,594,0.9912733267691886
Mohit Sharma,482,0.9905853196340058
Azmatullah Omarzai,126,0.9895701281795325
Sandeep Sharma,460,0.9895374606828101
Harpreet Brar,367,0.9888042562275106
Shardul Thakur,296,0.9856967265800463
Nandre Burger,102,0.9843014329533161
Liam Livingstone,114,0.9842647944545581
Adam Zampa,132,0.9826594582060637
Jaydev Unadkat,235,0.9746052781832294
Akash Singh,114,0.9741864861642782
Avesh Khan,481,0.9716349592321389
Kagiso Rabada,393,0.9700907814209729
Tushar Deshpande,587,0.9596917297205982
Ravindra Jadeja,577,0.9595250145551456
Maheesh Theekshana,390,0.9541407817544889
Naveen-ul-Haq,392,0.9513531200796125
Amit Mishra,126,0.9483265168578613
Mohsin Khan,288,0.9483159493765341
Matheesha Pathirana,364,0.9482714886219217
Ravi Bishnoi,567,0.9481044421812349
Mustafizur Rahman,226,0.9465850362878302
Yash Thakur,407,0.944314688029483
Krunal Pandya,450,0.9425330836017677
Krishnappa Gowtham,108,0.9419664564153235
Deepak Chahar,297,0.9320810395209795
Moeen Ali,204,0.9262468785316489
Marcus Stoinis,149,0.9231813046114444
