bowl,balls,runs_conceded,RAA,WAA,Impact,RAA_per_ball,impact_per_ball,Impact_pctile,Impact_z,impact_vs_mean_per_ball
Trent Boult,548,734,48.602079894160084,-4.449530419756376,245.5675914324582,0.08868992681416074,0.4481160427599602,100.0,2.454671407409472,0.27879422725796177
Matheesha Pathirana,388,461,163.1477691842293,5.587576269766009,242.06563114854472,0.42048394119646726,0.6238804926508885,98.9247311827957,2.407109742895576,0.4545586771488901
Mohammed Siraj,626,843,66.30484657003116,-6.750049180505278,241.66855700491263,0.10591828525564083,0.3860520079950681,97.84946236559139,2.401716904120869,0.2167301924930697
Jasprit Bumrah,291,284,158.8823301100974,0.3858474222170958,231.7165095768594,0.5459873886944928,0.7962766652125753,96.7741935483871,2.266553766156751,0.6269548497105769
Varun Chakravarthy,570,790,18.165237756327073,2.5069114142696445,225.34495551954777,0.03186883816899486,0.3953420272272768,95.6989247311828,2.180018885136523,0.2260202117252784
Mohammed Shami,374,485,37.98190257669781,2.8622044561212823,219.70356157512543,0.10155588924250752,0.5874426780083568,94.6236559139785,2.1034006300958055,0.4181208625063584
Sunil Narine,576,691,92.80852569695183,-1.7007876394222232,179.5179656960929,0.16112591266831916,0.3116631348890502,93.54838709677419,1.5576223589174425,0.14234131938705177
Bhuvneshwar Kumar,649,956,20.265056673400004,-5.060918727140236,177.9702547401325,0.031225048803389836,0.2742222723268606,92.47311827956989,1.5366022149740597,0.10490045682486218
Ravindra Jadeja,601,752,69.06823269339907,1.1108455664970318,175.34272126072236,0.1149221841820284,0.29175161607441324,91.39784946236558,1.5009165258984878,0.12242980057241484
Piyush Chawla,558,769,17.87793598518921,9.683619044344479,175.3247806050584,0.03203931180141436,0.31420211577967455,90.32258064516128,1.5006728659547222,0.14488030027767615
Rashid Khan,646,879,54.77021580860101,3.2397741353748764,170.7922923864811,0.08478361580278794,0.26438435353944445,89.24731182795699,1.4391151478231334,0.09506253803744605
Tushar Deshpande,611,914,28.686098686244016,5.226917111110469,164.20711103807662,0.046949425018402643,0.2687514092276213,88.17204301075269,1.3496789005033953,0.0994295937256229
Ishant Sharma,314,445,1.2388201322002876,1.3602747243230005,160.61982095991968,0.003945287045223846,0.5115280922290436,87.09677419354838,1.300958334483536,0.3422062767270452
Mohit Sharma,482,741,36.02184862276428,9.869278509440315,158.67607148834853,0.07473412577336988,0.32920346781815046,86.02150537634408,1.2745594170855865,0.15988165231615206
Axar Patel,546,673,82.14519675654502,-2.9981496732926054,158.380542492179,0.1504490783086905,0.29007425364867945,84.94623655913979,1.2705457076684605,0.12075243814668105
Krunal Pandya,450,562,109.45100723915459,-0.15340861482833923,138.11830430195192,0.24322446053145466,0.3069295651154487,83.87096774193549,0.9953553294305613,0.13760774961345032
Kuldeep Yadav,553,728,37.34115009162565,-2.9637055855607857,135.67402422465443,0.06752468370999214,0.2453418159577838,82.79569892473118,0.962158485494767,0.07602000045578539
Deepak Chahar,321,450,22.63157600311711,2.1583448139736157,133.0981708684222,0.07050335203463275,0.41463604631907225,81.72043010752688,0.9271746869266104,0.24531423081707385
T Natarajan,578,855,81.55690922528231,-2.9246271462161575,132.95830674630474,0.1411019190748829,0.23003167257146148,80.64516129032258,0.9252751307025613,0.06070985706946308
Ravi Bishnoi,567,763,76.73700197161592,5.4781286352396705,132.76909134895698,0.1353386278159011,0.23416065493643207,79.56989247311827,0.9227053130804547,0.06483883943443366
Yuzvendra Chahal,666,959,12.255077904863683,6.775575019012532,123.23397179635906,0.018401017875170695,0.18503599368822682,78.49462365591397,0.7932046561644477,0.015714178186228417
Akash Madhwal,269,421,16.83048276505118,4.571522321462958,115.5975090809795,0.06256685042769955,0.4297305170296636,77.41935483870968,0.6894904937251518,0.26040870152766515
Pat Cummins,366,561,11.9453518313787,0.4364282401083901,107.78712669257769,0.032637573309777866,0.29450034615458387,76.34408602150538,0.5834142516304556,0.12517853065258547
Khaleel Ahmed,501,763,-15.438206275324696,4.462773416756996,106.55683972326568,-0.03081478298468003,0.21268830284084966,75.26881720430107,0.5667051826101622,0.04336648733885126
Harshit Rana,338,489,-13.563173661534693,1.877963714490232,106.24263641472656,-0.040127732726434,0.31432732667078866,74.19354838709677,0.5624378491345255,0.14500551116879026
Naveen-ul-Haq,392,583,54.64192710028611,3.9448945462886362,106.03604312380415,0.13939267117419926,0.2705001100097045,73.11827956989248,0.5596320146883698,0.10117829450770607
Ravichandran Ashwin,624,795,115.56500757329525,-4.116478507059879,105.39052218855554,0.1852003326495116,0.16889506760986464,72.04301075268818,0.5508649106466639,-0.00042674789213376085
Sandeep Sharma,508,694,78.53217155387594,-6.061462739548132,97.39008169943303,0.15459088888558256,0.1917127592508524,70.96774193548387,0.4422074058043147,0.022390943748854003
Rahul Chahar,473,651,51.5394832319314,-0.8847600320402481,94.1297182334398,0.10896296666370274,0.19900574679374167,69.89247311827957,0.3979269740486337,0.029683931291743265
Arshdeep Singh,589,949,-0.7401818789473467,7.137052636649717,88.92439148429814,-0.0012566755160396377,0.15097519776621077,68.81720430107528,0.327231139585536,-0.018346617735787635
Andre Russell,252,427,-60.36532668012756,3.411802559910626,85.16814379516822,-0.23954494714336333,0.33796882458400085,67.74193548387096,0.27621588585974244,0.16864700908200245
Nathan Ellis,234,334,43.60580764236405,2.3094348497680834,78.00706839854737,0.18634960530924807,0.33336354016473235,66.66666666666666,0.17895816790750266,0.16404172466273395
Harpreet Brar,385,511,70.95933361790425,1.825535319159111,76.91280993997854,0.18430995744910195,0.19977353231163258,65.59139784946237,0.16409656198438116,0.030451716809634183
Mayank Markande,361,547,-47.64114963801036,-0.14845522873522324,65.52698318914835,-0.13196994359559658,0.18151518888960763,64.51612903225806,0.00946063575075315,0.01219337338760923
Vaibhav Arora,273,391,-10.589513319282954,-1.1430934071541805,64.28885661938521,-0.038789426077959537,0.23549031728712533,63.44086021505376,-0.007354906335009534,0.06616850178512693
Nuwan Thushara,140,214,-9.208307196326647,-2.78539160957356,64.01497601578993,-0.06577362283090463,0.45724982868421377,62.365591397849464,-0.011074599400890266,0.2879280131822154
Jason Behrendorff,252,381,-21.719387211201465,3.165540844350245,63.379033032204134,-0.0861880444888947,0.2515040993341434,61.29032258064516,-0.01971162106393248,0.08218228383214501
Mitchell Starc,245,409,-75.64755196369237,2.4752552463942883,63.04148167694308,-0.3087655182191525,0.25731217010997176,60.215053763440864,-0.024296054642144425,0.08799035460797336
Harshal Patel,583,907,-22.28236849027909,2.499537920703971,61.7965849342537,-0.038220186089672537,0.10599757278602694,59.13978494623656,-0.04120354542729641,-0.06332424271597147
Moeen Ali,204,267,13.041848761725152,1.5155134118735532,61.250881002009905,0.06393063118492721,0.30024941667651917,58.06451612903226,-0.04861499080219635,0.13092760117452076
Noor Ahmad,475,637,16.2449591186544,-2.5369012971917337,60.45728291278104,0.034199913934009264,0.12727849034269692,56.98924731182796,-0.05939319586984284,-0.04204332515930148
Avesh Khan,504,797,8.728130787772193,-0.3657850187916363,59.339360188341814,0.017317719817008317,0.11773682577051947,55.91397849462365,-0.07457619660702476,-0.05158498973147893
Maheesh Theekshana,390,505,73.50152453053752,-4.8908780052291325,58.73451980053426,0.18846544751419878,0.1506013328218827,54.83870967741935,-0.08279080022246345,-0.018720482680115696
Swapnil Singh,103,150,-17.550898064775147,0.06866592535625474,58.01806495447208,-0.17039706859004997,0.5632821840240008,53.76344086021505,-0.09252128893882461,0.39396036852200234
Yash Thakur,407,677,-20.745429086093168,2.9688899128175037,56.52490447115352,-0.050971570236101146,0.13888182916745337,52.68817204301075,-0.11280055889491995,-0.030439986334545033
Marcus Stoinis,149,217,2.130394830477348,3.234655464213611,55.042622217647846,0.01429795188239831,0.36941357193052243,51.61290322580645,-0.1329320868222886,0.20009175642852403
Mitchell Santner,126,146,28.103405066942894,0.10001060462451095,54.53411851506926,0.22304289735668964,0.43281046440531157,50.53763440860215,-0.13983829949900403,0.26348864890331314
Mustafizur Rahman,252,387,23.5831232334571,0.6723100380028337,49.737357203632406,0.0935838223549885,0.1973704650937794,49.46236559139785,-0.20498522686302575,0.028048649591780994
Kagiso Rabada,393,612,13.694038657030783,5.867040600408722,49.14508461670022,0.034844882078958736,0.1250511058949115,48.38709677419355,-0.21302914164122735,-0.0442707096070869
Glenn Maxwell,158,216,14.030279047671879,1.3754827152360516,48.74714415384618,0.08879923447893594,0.30852622882181124,47.31182795698925,-0.21843374627872425,0.13920441331981284
Yash Dayal,388,607,11.229671162424468,-4.777179651861113,44.83170044308987,0.028942451449547598,0.11554561969868524,46.236559139784944,-0.27161111126755016,-0.053776195803313165
Cameron Green,440,646,-15.199648330645816,-3.299974264342968,43.56249948240968,-0.03454465529692231,0.09900568064184018,45.16129032258064,-0.2888486883382782,-0.07031613486015822
Wayne Parnell,152,232,-9.3509039431226,-2.631903085696734,43.52800209388471,-0.06151910488896447,0.28636843482818886,44.086021505376344,-0.28931721256088777,0.11704661932619045
Josh Little,216,303,-14.862493040068307,-4.422032110436515,38.83903431813853,-0.06880783814846438,0.17981034406545615,43.01075268817204,-0.35300014845566374,0.01048852856345775
Amit Mishra,126,170,10.954510953583437,2.3648403514133403,35.78726845892124,0.08694056312367807,0.2840259401501686,41.935483870967744,-0.39444752426909074,0.11470412464817017
Mitchell Marsh,170,259,-5.866524447919792,3.038856028922469,32.16057401881562,-0.03450896734070466,0.18917984716950367,40.86021505376344,-0.4437032582781463,0.01985803166750527
Vijaykumar Vyshak,232,385,-30.760342237133365,4.966611494212174,31.67286897957321,-0.13258768205660934,0.136520986980919,39.784946236559136,-0.45032699515053104,-0.032800828521079406
Kumar Kartikeya,156,223,9.152591903861252,-1.235772900191542,30.793075824688064,0.058670460922187515,0.19739151169671837,38.70967741935484,-0.4622758533561726,0.028069696194719967
Adam Zampa,132,187,14.442626599325802,3.2742225515928616,29.387554630064812,0.10941383787368032,0.22263298962170314,37.634408602150536,-0.4813648555452946,0.053311174119704735
Anrich Nortje,376,653,-27.975566782830473,-1.9568607180908553,25.863994735069113,-0.07440310314582572,0.06878722004007742,36.55913978494624,-0.5292198738875152,-0.10053459546192098
Suyash Sharma,259,376,-11.02726073735473,-2.176411361491991,24.430116709366892,-0.042576296283222896,0.0943247749396405,35.483870967741936,-0.5486940026849116,-0.0749970405623579
Gerald Coetzee,202,335,-27.784500440091826,0.4321512562398981,23.58793521767559,-0.1375470318816427,0.11677195652314648,34.40860215053764,-0.5601320403324639,-0.05254985897885192
Nandre Burger,102,145,3.6446756648113463,0.20764845792773964,23.341324104018657,0.03573211436089555,0.2288365108237123,33.33333333333333,-0.5634813744488526,0.05951469532171391
Mohsin Khan,288,482,-29.597258999142117,-1.6383423580068637,21.56101682019645,-0.1027682604136879,0.07486464173679323,32.25806451612903,-0.5876605115320905,-0.09445717376520517
Reece Topley,102,177,-17.427871476340023,0.9782998530590163,19.483315985058574,-0.1708614850621571,0.19101290181429975,31.182795698924732,-0.6158786813768496,0.02169108631230135
Wanindu Hasaranga,174,257,-13.654941396420002,-0.05402325106055124,11.107669772538799,-0.07847667469206898,0.0638371826007977,30.107526881720432,-0.7296320203501251,-0.1054846329012007
Rasikh Salam,147,262,-45.16548023014921,-1.77793135842443,7.736665832642312,-0.30724816483094697,0.05263037981389328,29.03225806451613,-0.7754151090964118,-0.11669143568810512
Liam Livingstone,114,177,-6.3844064643092615,1.641780984998483,5.7370968559834665,-0.05600356547639703,0.050325411017398826,27.956989247311824,-0.8025721357700454,-0.11899640448459958
Washington Sundar,136,219,-22.679557546132862,-1.294658349023937,5.259137487342919,-0.16676145254509459,0.038670128583403816,26.881720430107524,-0.8090635123990093,-0.13065168691859458
Azmatullah Omarzai,126,189,-13.113193243714486,0.0038210768077093504,4.632268433599123,-0.10407296225170228,0.036764035187294625,25.806451612903224,-0.8175772970256551,-0.13255778031470378
Krishnappa Gowtham,108,143,18.662220530977827,-0.40243210654804984,2.215899314134976,0.17279833824979468,0.02051758624199052,24.731182795698924,-0.8503950699540399,-0.1488042292600079
Marco Jansen,229,380,-58.01588765528281,-3.169576474591029,1.9623681449692896,-0.2533444875776542,0.00856929320947288,23.655913978494624,-0.8538383883911637,-0.1607525222925255
Umesh Yadav,216,369,-51.86402223019489,0.4064364017413596,1.292339373913375,-0.24011121402868005,0.005983052657006366,22.58064516129032,-0.8629383441416633,-0.16333876284499205
Mukesh Kumar,403,690,-71.536340545064,1.1930495894036284,1.2643554507513706,-0.17750952988849625,0.0031373584385890087,21.50537634408602,-0.8633184061233278,-0.1661844570634094
Akash Singh,114,185,-24.596599807726506,-1.3320934414319865,1.0876973869155293,-0.2157596474361974,0.009541205148381837,20.43010752688172,-0.8657176770700687,-0.15978061035361657
Jaydev Unadkat,235,392,-36.9033381125078,-2.0497122774357703,-0.9623467859830708,-0.1570354813298204,-0.004095092706310939,19.35483870967742,-0.8935602296078468,-0.17341690820830935
Abhishek Sharma,114,175,-11.12770138079539,0.5973088295026538,-1.1589443529285575,-0.09761141562101219,-0.01016617853446103,18.27956989247312,-0.8962303077255975,-0.17948799403645943
Jofra Archer,122,191,9.99215753998384,-2.083286387880737,-1.68281170588976,0.08190293065560525,-0.013793538572866885,17.20430107526882,-0.9033451809027085,-0.1831153540748653
Mayank Dagar,137,200,14.709422317683384,-1.2872061200382208,-2.613989970755682,0.10736804611447726,-0.019080218764640017,16.129032258064516,-0.9159919229116421,-0.18840203426663843
Riley Meredith,119,201,-14.99239535516126,-2.1554407481617273,-3.322605425399261,-0.12598651558959043,-0.02792105399495177,15.053763440860216,-0.9256159414014969,-0.19724286949695016
Sam Curran,517,863,-10.881738545343996,4.414589874172421,-3.4953254622323513,-0.021047850184417786,-0.006760784259637043,13.978494623655912,-0.9279617282696172,-0.17608259976163546
Lockie Ferguson,195,352,-52.978710829777796,0.8787145101619914,-16.87034194306498,-0.27168569656296304,-0.08651457406699989,12.903225806451612,-1.1096137160581008,-0.2558363895689983
Shardul Thakur,296,486,-24.90085656792649,-3.230942948140354,-18.851038486013927,-0.08412451543218409,-0.06368594083112813,11.827956989247312,-1.136514427900069,-0.23300775633312654
Jason Holder,171,285,-6.99967487780475,-4.3044659517721335,-19.808453961370535,-0.04093377121523246,-0.11583891205479845,10.75268817204301,-1.1495175090168075,-0.28516072755679683
Nitish Kumar Reddy,111,201,-28.745768638164815,-1.261243564589296,-20.667360651754805,-0.2589708886321154,-0.18619243830409735,9.67741935483871,-1.1611826989518421,-0.35551425380609575
Chris Jordan,132,232,-17.785976342265247,-4.82322482210514,-23.420828018137854,-0.13474224501716095,-0.17743051528892315,8.60215053763441,-1.1985787515945423,-0.34675233079092155
Hardik Pandya,343,568,-89.04426066336777,-1.9533239437062078,-23.53753604111426,-0.25960425849378355,-0.0686225540557267,7.526881720430108,-1.2001638146406262,-0.2379443695577251
Hrithik Shokeen,116,183,-28.011497849584558,-2.9220767766447207,-30.85471266698943,-0.2414784297377979,-0.265988902301633,6.451612903225806,-1.2995416121180694,-0.4353107178036314
Umran Malik,126,223,-43.01645785733828,-0.8136469610445755,-32.67080905610314,-0.34140045918522444,-0.2592921353658979,5.376344086021505,-1.3242068167980605,-0.42861395086789633
Alzarri Joseph,202,336,-29.933318596580687,-3.7821823740469678,-34.01835893425821,-0.14818474552762717,-0.16840771749632777,4.301075268817205,-1.3425084850137068,-0.3377295329983262
Karn Sharma,273,477,-107.92225888759758,-1.197868287021059,-34.80694405715159,-0.3953196296248996,-0.12749796357930984,3.225806451612903,-1.3532186067783636,-0.29681977908130824
Arshad Khan,146,283,-57.05454026290677,-1.0837575341795616,-44.18408933816402,-0.3907845223486765,-0.3026307488915344,2.1505376344086025,-1.4805737455565748,-0.47195256439353284
Shahbaz Ahmed,208,372,-67.68092809283227,-0.127964132813401,-53.44468980793283,-0.32538907736938594,-0.25694562407660015,1.0752688172043012,-1.606346037939107,-0.4262674395785986
