year,distance,balls,mean_bowl_impact,mean_bat_impact,reliable
2023,0.0,2732,0.3453449375412259,-0.3453449375412259,True
2023,1.0,5472,0.22194854474073403,-0.22194854474073403,True
2023,1.414,2936,0.1783757589933086,-0.1783757589933086,True
2023,2.0,1510,0.13266393695212997,-0.13266393695212997,True
2023,2.236,1610,0.02980317571565278,-0.02980317571565278,True
2023,2.828,221,-0.29002600407174345,0.29002600407174345,True
2023,3.0,347,0.1822342335943302,-0.1822342335943302,True
2023,3.162,455,0.3097629834949167,-0.3097629834949167,True
2023,3.606,125,-0.004990323543005118,0.004990323543005118,True
2023,4.0,129,0.5173016402828686,-0.5173016402828686,True
2023,4.123,178,-0.06320937760404385,0.06320937760404385,True
2023,4.243,9,-0.06011029638200919,0.06011029638200919,False
2023,4.472,44,-0.31823214039756825,0.31823214039756825,True
2023,5.0,38,0.6658626580389874,-0.6658626580389874,True
2023,5.099,65,0.23829755309759285,-0.23829755309759285,True
2023,5.385,21,-0.779233794858118,0.779233794858118,True
2023,5.831,2,-0.8646522953416014,0.8646522953416014,False
2024,0.0,2602,0.2517122298179571,-0.2517122298179571,True
2024,1.0,5039,0.21038882377164175,-0.21038882377164175,True
2024,1.414,2481,0.223671735731079,-0.223671735731079,True
2024,2.0,1511,-0.029413041155375585,0.029413041155375585,True
2024,2.236,1632,0.07054066807070188,-0.07054066807070188,True
2024,2.828,274,0.13270445948651954,-0.13270445948651954,True
2024,3.0,456,-0.0015538871516491497,0.0015538871516491497,True
2024,3.162,543,0.09392844276826935,-0.09392844276826935,True
2024,3.606,166,0.22135655689125303,-0.22135655689125303,True
2024,4.0,118,-0.02694796598608723,0.02694796598608723,True
2024,4.123,230,0.09259438867579861,-0.09259438867579861,True
2024,4.243,20,0.12572916105248214,-0.12572916105248214,True
2024,4.472,55,0.14187011352894963,-0.14187011352894963,True
2024,5.0,51,-0.44302904454327857,0.44302904454327857,True
2024,5.099,91,-0.25545607849335006,0.25545607849335006,True
2024,5.385,29,-0.9525238745585746,0.9525238745585746,True
2024,5.831,7,0.441560709957863,-0.441560709957863,False
