year,distance,balls,mean_bowl_impact,mean_bat_impact,reliable,mean_bowl_impact_vs_mean_per_ball
2023,0.0,2822,0.36881217096113234,-0.36881217096113234,True,0.19949035545913393
2023,1.0,5680,0.22274344029430962,-0.22274344029430962,True,0.05342162479231122
2023,1.414,3038,0.20594842636350247,-0.20594842636350247,True,0.036626610861504066
2023,2.0,1589,0.0753661962593955,-0.0753661962593955,True,-0.0939556192426029
2023,2.236,1783,0.060290614858208295,-0.060290614858208295,True,-0.1090312006437901
2023,2.828,248,-0.18703135156633277,0.18703135156633277,True,-0.3563531670683312
2023,3.0,382,0.07117088194507207,-0.07117088194507207,True,-0.09815093355692633
2023,3.162,477,0.17960073247973346,-0.17960073247973346,True,0.010278916977735059
2023,3.606,127,0.00642344704378559,-0.00642344704378559,True,-0.16289836845821282
2023,4.0,130,0.4847418665378055,-0.4847418665378055,True,0.31542005103580706
2023,4.123,183,-0.043607014279658726,0.043607014279658726,True,-0.21292882978165711
2023,4.243,9,-0.2825107518080227,0.2825107518080227,False,-0.4518325673100211
2023,4.472,41,-0.23303220748790737,0.23303220748790737,True,-0.40235402298990575
2023,5.0,34,0.6597411051648704,-0.6597411051648704,True,0.49041928966287196
2023,5.099,60,0.2752834223441277,-0.2752834223441277,True,0.10596160684212932
2023,5.385,21,-0.5844129304383531,0.5844129304383531,True,-0.7537347459403515
2023,5.831,2,-0.8646522953416014,0.8646522953416014,False,-1.0339741108435998
2024,0.0,2639,0.2330479995185327,-0.2330479995185327,True,0.06372618401653429
2024,1.0,5194,0.20441043463129602,-0.20441043463129602,True,0.035088619129297616
2024,1.414,2619,0.21984921898545967,-0.21984921898545967,True,0.05052740348346127
2024,2.0,1612,-0.03030412246630924,0.03030412246630924,True,-0.19962593796830763
2024,2.236,1783,0.1310811036815253,-0.1310811036815253,True,-0.03824071182047309
2024,2.828,299,0.173626225361154,-0.173626225361154,True,0.004304409859155589
2024,3.0,484,0.06116724607746962,-0.06116724607746962,True,-0.10815456942452878
2024,3.162,593,0.06191950299266443,-0.06191950299266443,True,-0.10740231250933396
2024,3.606,171,0.23455380286937652,-0.23455380286937652,True,0.06523198736737812
2024,4.0,118,-0.04854592124165556,0.04854592124165556,True,-0.21786773674365395
2024,4.123,240,0.08199632693033884,-0.08199632693033884,True,-0.08732548857165956
2024,4.243,16,0.09364007315068323,-0.09364007315068323,False,-0.07568174235131517
2024,4.472,51,0.3797234205702094,-0.3797234205702094,True,0.210401605068211
2024,5.0,64,-0.640920090245078,0.640920090245078,True,-0.8102419057470764
2024,5.099,93,-0.44711957359354304,0.44711957359354304,True,-0.6164413890955415
2024,5.385,28,-0.7794731396462498,0.7794731396462498,True,-0.9487949551482482
2024,5.831,7,0.441560709957863,-0.441560709957863,False,0.2722388944558646
