player,year,bat_balls,bat_impact,bowl_balls,bowl_impact,total_balls,total_impact,auction_player,price_rupees,type,status,auction_team,price_in_unit,impact_per_unit_money,money_unit,impact_per_ball,impact_vs_mean_per_ball,impact_vs_mean_per_unit_money
Matheesha Pathirana,2023,0.0,0.0,256.0,135.90502385281732,256.0,135.90502385281732,Matheesha Pathirana,2000000.0,Bowler,Retained,CSK,0.2,679.5251192640866,crore,0.5308789994250677,0.36155718392306924,1.807785919615346
Akash Madhwal,2023,0.0,0.0,158.0,122.02104124975187,158.0,122.02104124975187,Akash Madhwal,2000000.0,Bowler,Retained,MI,0.2,610.1052062487594,crore,0.7722850712009612,0.6029632556989628,3.014816278494814
Matheesha Pathirana,2024,0.0,0.0,132.0,106.16060729572742,132.0,106.16060729572742,Matheesha Pathirana,2000000.0,Bowler,Retained,CSK,0.2,530.8030364786371,crore,0.8042470249676319,0.6349252094656335,3.174626047328167
Tushar Deshpande,2024,1.0,-1.2932573938980365,290.0,103.9095487453374,291.0,102.61629135143937,Tushar Deshpande,2000000.0,Bowler,Retained,CSK,0.2,513.0814567571969,crore,0.3526333036131937,0.18331148811119533,0.9165574405559765
Harshit Rana,2024,0.0,0.0,235.0,79.5615774826117,235.0,79.5615774826117,Harshit Rana,2000000.0,Bowler,Retained,KKR,0.2,397.80788741305844,crore,0.33855990418132637,0.16923808867932796,0.8461904433966397
Swapnil Singh,2024,21.0,7.406600709982204,91.0,56.43653768101757,112.0,63.84313839099977,Swapnil Singh,2000000.0,Allrounder,Sold,RCB,0.2,319.2156919549988,crore,0.5700280213482122,0.7337235275024991,3.6686176375124955
Mohit Sharma,2023,1.0,-0.9709018483681906,247.0,158.336160354722,248.0,157.36525850635383,Mohit Sharma,5000000.0,Bowler,Sold,GT,0.5,314.73051701270765,crore,0.6345373326869106,0.46521551718491216,0.9304310343698243
Tushar Deshpande,2023,1.0,-0.5620748149618395,321.0,60.2975622927392,322.0,59.73548747777736,Tushar Deshpande,2000000.0,Bowler,Retained,CSK,0.2,298.6774373888868,crore,0.18551393626638932,0.016192120764390916,0.08096060382195458
Piyush Chawla,2023,22.0,-0.039994746437175266,366.0,118.98763143153418,388.0,118.94763668509701,Piyush Chawla,5000000.0,Bowler,Sold,MI,0.5,237.89527337019402,crore,0.3065660739306624,0.13724425842866397,0.27448851685732795
Rajat Patidar,2024,223.0,46.967882742952355,0.0,0.0,223.0,46.967882742952355,Rajat Patidar,2000000.0,Batter,Retained,RCB,0.2,234.83941371476178,crore,0.21061830826436034,0.3743138144186473,1.8715690720932365
Mayank Yadav,2024,0.0,0.0,74.0,43.92306116081581,74.0,43.92306116081581,Mayank Yadav,2000000.0,Bowler,Retained,LSG,0.2,219.61530580407904,crore,0.593554880551565,0.4242330650495666,2.1211653252478326
Suyash Sharma,2023,0.0,0.0,235.0,42.91694312700118,235.0,42.91694312700118,Suyash Sharma,2000000.0,Bowler,Sold,KKR,0.2,214.5847156350059,crore,0.1826252899021327,0.013303474400134296,0.06651737200067148
Shashank Singh,2024,215.0,33.63287988440267,6.0,8.705237141170315,221.0,42.338117025572984,Shashank Singh,2000000.0,Batter,Sold,PBKS,0.2,211.69058512786492,crore,0.19157519016096372,0.35527069631525066,1.7763534815762532
Mohsin Khan,2024,1.0,0.4874415170813293,228.0,36.29066939013537,229.0,36.7781109072167,Mohsin Khan,2000000.0,Bowler,Retained,LSG,0.2,183.8905545360835,crore,0.1606031043983262,-0.0087187111036722,-0.043593555518361
Ishant Sharma,2024,7.0,-7.168065208061487,163.0,97.32517625792323,170.0,90.15711104986174,Ishant Sharma,5000000.0,Bowler,Retained,DC,0.5,180.31422209972348,crore,0.5303359473521279,0.3610141318501294,0.7220282637002589
Yash Thakur,2023,0.0,0.0,193.0,79.76122956873074,193.0,79.76122956873074,Yash Thakur,4500000.0,Bowler,Sold,LSG,0.45,177.24717681940163,crore,0.4132706195271023,0.2439488040251039,0.5421084533891198
Naveen-ul-Haq,2023,21.0,5.933075132831771,170.0,77.25925031144878,191.0,83.19232544428056,Naveen-ul-Haq,5000000.0,Allrounder,Sold,LSG,0.5,166.3846508885611,crore,0.4355619133208406,0.5992574194751276,1.1985148389502551
Sandeep Sharma,2024,0.0,0.0,228.0,82.2981212985007,228.0,82.2981212985007,Sandeep Sharma,5000000.0,Bowler,Retained,RR,0.5,164.5962425970014,crore,0.3609566723618452,0.1916348568598468,0.3832697137196936
Ashutosh Sharma,2024,113.0,30.827583890108524,0.0,0.0,113.0,30.827583890108524,Ashutosh Sharma,2000000.0,Allrounder,Sold,PBKS,0.2,154.13791945054263,crore,0.27281047690361526,0.4365059830579022,2.182529915289511
Noor Ahmad,2023,9.0,-10.715948489279217,266.0,54.18153376089925,275.0,43.46558527162003,Noor Ahmad,3000000.0,Bowler,Retained,GT,0.3,144.88528423873345,crore,0.15805667371498192,-0.011265141787016486,-0.03755047262338829
Harshit Rana,2023,1.0,-0.31714192177108114,103.0,26.681058932114865,104.0,26.363917010343783,Harshit Rana,2000000.0,Bowler,Retained,KKR,0.2,131.81958505171892,crore,0.2534992020225364,0.084177386520538,0.42088693260268994
Mayank Markande,2023,13.0,3.8049925599865597,228.0,60.417624989016986,241.0,64.22261754900354,Mayank Markande,5000000.0,Bowler,Sold,SRH,0.5,128.4452350980071,crore,0.266483890244828,0.09716207474282959,0.19432414948565918
Simarjeet Singh,2024,0.0,0.0,72.0,25.266734701916715,72.0,25.266734701916715,Simarjeet Singh,2000000.0,Bowler,Retained,CSK,0.2,126.33367350958356,crore,0.3509268708599544,0.18160505535795599,0.9080252767897798
Ishant Sharma,2023,1.0,-0.8808638509323252,151.0,63.29464470199645,152.0,62.41378085106412,Ishant Sharma,5000000.0,Bowler,Sold,DC,0.5,124.82756170212824,crore,0.4106169792833166,0.24129516378131818,0.48259032756263637
Vidwath Kaverappa,2024,0.0,0.0,24.0,24.0504793068539,24.0,24.0504793068539,Vidhwath Kaverappa,2000000.0,Bowler,Retained,PBKS,0.2,120.25239653426951,crore,1.0021033044522458,0.8327814889502474,4.163907444751237
Piyush Chawla,2024,13.0,-9.303993006950707,192.0,56.337149173524224,205.0,47.03315616657352,Piyush Chawla,5000000.0,Allrounder,Retained,MI,0.5,94.06631233314704,crore,0.22943003008084645,0.3931255362351334,0.7862510724702668
Vaibhav Arora,2024,1.0,-0.8808638509323252,173.0,56.52852471976734,174.0,55.64766086883502,Vaibhav Arora,6000000.0,Bowler,Retained,KKR,0.6,92.74610144805837,crore,0.3198141429243392,0.15049232742234078,0.25082054570390133
Yudhvir Singh,2023,2.0,-2.9011246959896413,48.0,21.059925361092112,50.0,18.158800665102472,Yudhvir Singh Charak,2000000.0,Allrounder,Sold,LSG,0.2,90.79400332551235,crore,0.36317601330204946,0.5268715194563365,2.6343575972816824
Nathan Ellis,2023,7.0,0.8341005733781586,210.0,67.20340665805364,217.0,68.03750723143179,Nathan Ellis,7500000.0,Bowler,Retained,PBKS,0.75,90.71667630857571,crore,0.31353689968401743,0.14421508418201903,0.19228677890935872
Vijaykumar Vyshak,2024,3.0,-5.946274934345578,87.0,22.906509597559896,90.0,16.96023466321432,Vijaykumar Vyshak,2000000.0,Bowler,Retained,RCB,0.2,84.80117331607158,crore,0.18844705181349244,0.019125236311494043,0.09562618155747021
Tristan Stubbs,2024,198.0,16.605022117902088,12.0,22.96097853151913,210.0,39.56600064942122,Tristan Stubbs,5000000.0,WK-Batter,Sold,DC,0.5,79.13200129884244,crore,0.1884095269020058,0.35210503305629276,0.7042100661125855
Jason Behrendorff,2023,9.0,-4.819663521552208,252.0,63.379033032204134,261.0,58.559369510651926,Jason Behrendorff,7500000.0,Bowler,Traded,MI,0.75,78.0791593475359,crore,0.22436540042395375,0.05504358492195535,0.07339144656260714
Rinku Singh,2023,313.0,41.141264351832696,0.0,0.0,313.0,41.141264351832696,Rinku Singh,5500000.0,Batter,Retained,KKR,0.55,74.80229882151399,crore,0.13144173914323545,0.2951372452975224,0.5366131732682224
Ramandeep Singh,2024,54.0,11.512639903187061,4.0,2.127155514643455,58.0,13.639795417830516,Ramandeep Singh,2000000.0,Allrounder,Sold,KKR,0.2,68.19897708915258,crore,0.23516888651431925,0.3988643926686062,1.994321963343031
Sandeep Sharma,2023,6.0,-2.6268238255329948,280.0,15.091960400932322,286.0,12.465136575399328,Suyash Sharma,2000000.0,Bowler,Sold,KKR,0.2,62.32568287699664,crore,0.04358439362027737,-0.12573742188172105,-0.6286871094086052
Arshad Khan,2024,54.0,25.567154093419582,61.0,-13.596633984352653,115.0,11.970520109066928,Arshad Khan,2000000.0,Bowler,Sold,LSG,0.2,59.85260054533464,crore,0.10409147920927764,-0.06523033629272076,-0.3261516814636038
Maheesh Theekshana,2023,0.0,0.0,270.0,40.05944845888764,270.0,40.05944845888764,Maheesh Theekshana,7000000.0,Bowler,Retained,CSK,0.7,57.227783512696625,crore,0.14836832762550978,-0.020953487876488625,-0.029933554109269466
Kumar Kartikeya,2023,7.0,-19.62160571362144,156.0,30.793075824688064,163.0,11.171470111066622,Kumar Kartikeya,2000000.0,Allrounder,Retained,MI,0.2,55.857350555333106,crore,0.06853662644826149,0.23223213260254844,1.161160663012742
Amit Mishra,2023,30.0,-8.45276346132156,114.0,34.90917126081562,144.0,26.45640779949406,Amit Mishra,5000000.0,Bowler,Sold,LSG,0.5,52.91281559898812,crore,0.18372505416315318,0.014403238661154782,0.028806477322309565
Ajinkya Rahane,2023,176.0,25.08380089241166,0.0,0.0,176.0,25.08380089241166,Ajinkya Rahane,5000000.0,Batter,Sold,CSK,0.5,50.16760178482332,crore,0.1425215959796117,0.30621710213389863,0.6124342042677973
Nandre Burger,2024,0.0,0.0,102.0,23.341324104018657,102.0,23.341324104018657,Nandre Burger,5000000.0,Bowler,Sold,RR,0.5,46.682648208037314,crore,0.2288365108237123,0.05951469532171391,0.11902939064342782
Naveen-ul-Haq,2024,4.0,-5.713731264393272,222.0,28.776792812355374,226.0,23.063061547962104,Naveen-ul-Haq,5000000.0,Bowler,Retained,LSG,0.5,46.12612309592421,crore,0.10204894490248718,-0.06727287059951122,-0.13454574119902243
Anukul Roy,2023,14.0,-5.3688793384371305,48.0,14.060468885415894,62.0,8.691589546978763,Anukul Roy,2000000.0,Allrounder,Retained,KKR,0.2,43.457947734893814,crore,0.1401869281770768,0.30388243433136375,1.5194121716568187
Rasikh Salam,2024,30.0,0.21447193421263577,147.0,7.736665832642312,177.0,7.951137766854948,Rasikh Dar Salam,2000000.0,Bowler,Sold,DC,0.2,39.755688834274736,crore,0.044921682298615526,-0.12440013320338288,-0.6220006660169144
Yudhvir Singh,2024,14.0,8.815914928430544,24.0,-1.3814002251619693,38.0,7.434514703268575,Yudhvir Singh Charak,2000000.0,Allrounder,Retained,LSG,0.2,37.17257351634287,crore,0.19564512377022567,0.35934062992451266,1.7967031496225632
Kuldeep Sen,2024,0.0,0.0,73.0,7.044706791442586,73.0,7.044706791442586,Kuldeep Sen,2000000.0,Bowler,Retained,RR,0.2,35.22353395721293,crore,0.09650283275948748,-0.07281898274251092,-0.3640949137125546
Mohammed Shami,2023,6.0,-4.053985421415129,374.0,219.70356157512543,380.0,215.6495761537103,Mohammed Shami,62500000.0,Bowler,Retained,GT,6.25,34.50393218459365,crore,0.5674988846150272,0.39817706911302875,0.0637083310580846
Arjun Tendulkar,2023,9.0,1.5221870245042606,60.0,8.113299323880248,69.0,9.635486348384509,Arjun Tendulkar,3000000.0,Allrounder,Retained,MI,0.3,32.118287827948365,crore,0.13964472968673203,0.303340235841019,1.0111341194700634
Mustafizur Rahman,2024,0.0,0.0,210.0,61.62375812244634,210.0,61.62375812244634,Mustafizur Rahman,20000000.0,Bowler,Sold,CSK,2.0,30.81187906122317,crore,0.2934464672497445,0.12412465174774609,0.062062325873873045
Bhuvneshwar Kumar,2023,47.0,1.5465936705048335,306.0,114.95457169139489,353.0,116.50116536189972,Bhuvneshwar Kumar,42000000.0,Bowler,Retained,SRH,4.2,27.738372705214218,crore,0.3300316299203958,0.1607098144183974,0.03826424152818986
Kuldeep Yadav,2024,41.0,-4.513096982512506,259.0,58.924996023080936,300.0,54.41189904056843,Kuldeep Yadav,20000000.0,Bowler,Retained,DC,2.0,27.205949520284214,crore,0.18137299680189475,0.012051181299896352,0.006025590649948176
Maheesh Theekshana,2024,0.0,0.0,120.0,18.67507134164662,120.0,18.67507134164662,Maheesh Theekshana,7000000.0,Bowler,Retained,CSK,0.7,26.67867334520946,crore,0.15562559451372185,-0.013696220988276553,-0.01956602998325222
Mohammed Siraj,2023,2.0,-1.1176329617907719,302.0,187.23761732198747,304.0,186.1199843601967,Mohammed Siraj,70000000.0,Bowler,Retained,RCB,7.0,26.588569194313813,crore,0.6122367906585418,0.4429149751565433,0.06327356787950619
Fazalhaq Farooqi,2023,5.0,-7.227999023446842,80.0,20.352341645254384,85.0,13.124342621807543,Fazalhaq Farooqi,5000000.0,Bowler,Retained,SRH,0.5,26.248685243615085,crore,0.15440403084479462,-0.014917784657203781,-0.029835569314407562
Manish Pandey,2024,31.0,13.0612426096612,0.0,0.0,31.0,13.0612426096612,Manish Pandey,5000000.0,Batter,Sold,KKR,0.5,26.1224852193224,crore,0.4213304067632645,0.5850259129175515,1.170051825835103
T Natarajan,2024,0.0,0.0,308.0,104.29146217121334,308.0,104.29146217121334,T Natarajan,40000000.0,Bowler,Retained,SRH,4.0,26.072865542803335,crore,0.3386086434130303,0.16928682791103192,0.04232170697775798
Ravi Bishnoi,2023,27.0,-18.02442091545538,305.0,114.28593035546686,332.0,96.26150944001148,Ravi Bishnoi,40000000.0,Bowler,Retained,LSG,4.0,24.06537736000287,crore,0.28994430554220324,0.12062249004020484,0.03015562251005121
Sunil Narine,2024,269.0,13.065702100309295,312.0,124.05488301196999,581.0,137.1205851122793,Sunil Narine,60000000.0,Allrounder,Retained,KKR,6.0,22.853430852046547,crore,0.23600789175951684,0.3997033979138038,0.06661723298563398
Heinrich Klaasen,2023,253.0,119.89649402706769,0.0,0.0,253.0,119.89649402706769,Heinrich Klaasen,52500000.0,WK-Batter,Sold,SRH,5.25,22.83742743372718,crore,0.4738991858777379,0.6375946920320248,0.12144660800609997
Kuldip Yadav,2023,0.0,0.0,42.0,4.3524180746616645,42.0,4.3524180746616645,Kuldip Yadav,2000000.0,Bowler,Retained,RR,0.2,21.76209037330832,crore,0.10362900177765869,-0.06569281372433972,-0.3284640686216986
Kuldeep Yadav,2023,48.0,-33.22720329483453,294.0,76.7490282015735,342.0,43.52182490673896,Kuldeep Yadav,20000000.0,Bowler,Retained,DC,2.0,21.76091245336948,crore,0.12725679797292094,-0.04206501752907746,-0.02103250876453873
Nehal Wadhera,2023,166.0,4.211213808348667,0.0,0.0,166.0,4.211213808348667,Nehal Wadhera,2000000.0,Allrounder,Sold,MI,0.2,21.056069041743335,crore,0.025368757881618475,0.18906426403590543,0.9453213201795271
David Willey,2023,32.0,6.733784254513762,90.0,34.77549733757494,122.0,41.509281592088705,David Willey,20000000.0,Allrounder,Retained,RCB,2.0,20.754640796044352,crore,0.3402400130499074,0.5039355192041943,0.25196775960209716
Harpreet Singh,2023,59.0,8.09056354439955,0.0,0.0,59.0,8.09056354439955,Harpreet Singh Bhatia,4000000.0,Batter,Sold,PBKS,0.4,20.226408860998877,crore,0.137128195667789,0.30082370182207596,0.7520592545551898
Shreyas Gopal,2024,0.0,0.0,42.0,3.9176696870775274,42.0,3.9176696870775274,Shreyas Gopal,2000000.0,Bowler,Sold,MI,0.2,19.588348435387637,crore,0.09327784969232208,-0.07604396580967632,-0.3802198290483816
Jasprit Bumrah,2024,12.0,-4.488095363795243,291.0,231.7165095768594,303.0,227.22841421306416,Jasprit Bumrah,120000000.0,Bowler,Retained,MI,12.0,18.935701184422012,crore,0.7499287597790896,0.5806069442770911,0.048383912023090926
Tilak Varma,2023,209.0,31.325849359067472,6.0,-0.2455095468162085,215.0,31.080339812251264,Tilak Varma,17000000.0,Batter,Retained,MI,1.7,18.282552830736037,crore,0.14455972005698262,0.30825522621126955,0.18132660365368797
Yash Dayal,2024,0.0,0.0,304.0,88.80840346592682,304.0,88.80840346592682,Yash Dayal,50000000.0,Bowler,Sold,RCB,5.0,17.76168069318536,crore,0.29213290613791715,0.12281109063591875,0.02456221812718375
Krishnappa Gowtham,2023,37.0,-1.4610791478184453,96.0,17.28579875761618,133.0,15.824719609797736,Krishnappa Gowtham,9000000.0,Allrounder,Retained,LSG,0.9,17.58302178866415,crore,0.11898285420900553,0.2826783603632925,0.314087067070325
Yuzvendra Chahal,2023,0.0,0.0,317.0,110.48202990705957,317.0,110.48202990705957,Yuzvendra Chahal,65000000.0,Bowler,Retained,RR,6.5,16.997235370316858,crore,0.3485237536500302,0.1792019381480318,0.027569528945851043
Trent Boult,2023,14.0,6.245869822576084,228.0,120.98520385054994,242.0,127.23107367312602,Trent Boult,80000000.0,Bowler,Retained,RR,8.0,15.903884209140752,crore,0.5257482383187025,0.3564264228167041,0.044553302852088014
Trent Boult,2024,16.0,-8.428502826187596,320.0,124.58238758190826,336.0,116.15388475572067,Trent Boult,80000000.0,Bowler,Retained,RR,8.0,14.519235594465083,crore,0.345696085582502,0.17637427008050358,0.022046783760062947
Nathan Ellis,2024,0.0,0.0,24.0,10.803661740493736,24.0,10.803661740493736,Nathan Ellis,7500000.0,Bowler,Retained,PBKS,0.75,14.404882320658315,crore,0.45015257252057234,0.28083075701857396,0.3744410093580986
Khaleel Ahmed,2024,0.0,0.0,301.0,74.09534167832807,301.0,74.09534167832807,Khaleel Ahmed,52500000.0,Bowler,Retained,DC,5.25,14.113398414919633,crore,0.2461639258416215,0.0768421103396231,0.014636592445642495
Rashid Khan,2023,58.0,60.521659372144164,384.0,149.16879153420533,442.0,209.6904509063495,Rashid Khan,150000000.0,Bowler,Retained,GT,15.0,13.979363393756634,crore,0.47441278485599436,0.30509096935399593,0.020339397956933063
Bhuvneshwar Kumar,2024,29.0,-4.794143418518848,343.0,63.015683048737614,372.0,58.221539630218764,Bhuvneshwar Kumar,42000000.0,Bowler,Retained,SRH,4.2,13.862271340528277,crore,0.15650951513499667,-0.012812300367001733,-0.003050547706428984
Varun Chakravarthy,2024,0.0,0.0,278.0,109.95163587218994,278.0,109.95163587218994,Varun Chakaravarthy,80000000.0,Bowler,Retained,KKR,8.0,13.743954484023742,crore,0.39550948155464005,0.22618766605264165,0.028273458256580206
Ravichandran Ashwin,2023,51.0,-31.535092475938704,294.0,98.96455676946269,345.0,67.42946429352398,Ravichandran Ashwin,50000000.0,Allrounder,Retained,RR,5.0,13.485892858704796,crore,0.19544772258992457,0.35914322874421156,0.07182864574884232
Yashasvi Jaiswal,2023,382.0,53.77219491265019,0.0,0.0,382.0,53.77219491265019,Yashasvi Jaiswal,40000000.0,Batter,Retained,RR,4.0,13.443048728162548,crore,0.14076490814829892,0.30446041430258586,0.07611510357564646
Nuwan Thushara,2024,0.0,0.0,140.0,64.01497601578993,140.0,64.01497601578993,Nuwan Thushara,48000000.0,Bowler,Sold,MI,4.8,13.336453336622903,crore,0.45724982868421377,0.2879280131822154,0.059985002746294876
Varun Chakravarthy,2023,9.0,-9.498974266368743,292.0,115.39331964735783,301.0,105.89434538098908,Varun Chakaravarthy,80000000.0,Bowler,Retained,KKR,8.0,13.236793172623635,crore,0.3518084564152461,0.1824866409132477,0.022810830114155963
Rishi Dhawan,2023,12.0,-1.4207673567117247,36.0,8.662731857625033,48.0,7.2419645009133085,Rishi Dhawan,5500000.0,Allrounder,Retained,PBKS,0.55,13.167208183478742,crore,0.15087426043569394,0.3145697665899809,0.5719450301636017
Mitchell Santner,2023,4.0,-3.1593152611749713,72.0,27.724745262673217,76.0,24.565430001498246,Mitchell Santner,19000000.0,Allrounder,Retained,CSK,1.9,12.929173684999077,crore,0.32322934212497695,0.4869248482792639,0.2562762359364547
Harpreet Brar,2024,54.0,20.24111196807548,228.0,26.09110566686949,282.0,46.33221763494497,Harpreet Brar,38000000.0,Bowler,Retained,PBKS,3.8,12.192688851301307,crore,0.16429864409554953,-0.0050231714064488675,-0.0013218872122233863
Vaibhav Arora,2023,2.0,-0.4581374200475523,100.0,7.7603318996178725,102.0,7.30219447957032,Vaibhav Arora,6000000.0,Allrounder,Sold,KKR,0.6,12.170324132617202,crore,0.07159014195657176,0.23528564811085872,0.39214274685143125
Suryakumar Yadav,2023,334.0,94.00300682914768,0.0,0.0,334.0,94.00300682914768,Suryakumar Yadav,80000000.0,Batter,Retained,MI,8.0,11.75037585364346,crore,0.2814461282309811,0.44514163438526805,0.055642704298158506
Axar Patel,2023,203.0,4.621197714877113,282.0,96.167642681574,485.0,100.7888403964511,Axar Patel,90000000.0,Allrounder,Retained,DC,9.0,11.198760044050124,crore,0.20781204205453838,0.37150754820882537,0.041278616467647265
Mayank Dagar,2023,0.0,0.0,66.0,18.896478544172524,66.0,18.896478544172524,Mayank Dagar,18000000.0,Allrounder,Sold,SRH,1.8,10.498043635651403,crore,0.286310280972311,0.45000578712659794,0.2500032150703322
Arshdeep Singh,2023,2.0,-1.7473060877486581,287.0,43.40381870162239,289.0,41.65651261387373,Arshdeep Singh,40000000.0,Bowler,Retained,PBKS,4.0,10.414128153468432,crore,0.1441401820549264,-0.025181633447072,-0.006295408361768
Mayank Markande,2024,0.0,0.0,133.0,5.109358200131366,133.0,5.109358200131366,Mayank Markande,5000000.0,Bowler,Retained,SRH,0.5,10.218716400262732,crore,0.03841622706865689,-0.13090558843334152,-0.26181117686668304
Rahul Chahar,2024,15.0,12.038440117043006,187.0,41.22341484305301,202.0,53.26185496009602,Rahul Chahar,52500000.0,Bowler,Retained,PBKS,5.25,10.14511523049448,crore,0.263672549307406,0.09435073380540762,0.017971568343887166
Dinesh Karthik,2024,174.0,54.01741721130015,0.0,0.0,174.0,54.01741721130015,Dinesh Karthik,55000000.0,WK-Batter,Retained,RCB,5.5,9.821348583872755,crore,0.310444926501725,0.47414043265601197,0.08620735139200218
Riyan Parag,2024,384.0,38.61189484638759,18.0,-1.7374288035655354,402.0,36.87446604282206,Riyan Parag,38000000.0,Batter,Retained,RR,3.8,9.703806853374227,crore,0.09172752746970661,0.25542303362399355,0.06721658779578778
Rajvardhan Hangargekar,2023,0.0,0.0,37.0,13.062493640075722,37.0,13.062493640075722,Rajvardhan Hangargekar,15000000.0,Bowler,Retained,CSK,1.5,8.708329093383815,crore,0.3530403686506952,0.1837185531486968,0.12247903543246454
Tilak Varma,2024,261.0,13.887715373496885,4.0,0.2798360176149046,265.0,14.16755139111179,Tilak Varma,17000000.0,Allrounder,Retained,MI,1.7,8.333853759477524,crore,0.05346245807966713,0.2171579642339541,0.12773997896114947
Harpreet Brar,2023,41.0,-20.208564320739644,157.0,50.82170427310906,198.0,30.61313995236942,Harpreet Brar,38000000.0,Bowler,Retained,PBKS,3.8,8.056089461149847,crore,0.1546118179412597,-0.014709997560738708,-0.0038710519896680813
Andre Russell,2024,106.0,14.616660662816969,158.0,79.6403128700382,264.0,94.25697353285517,Andre Russell,120000000.0,Allrounder,Retained,KKR,12.0,7.854747794404598,crore,0.35703399065475444,0.5207294968090415,0.04339412473408679
Rahmanullah Gurbaz,2024,46.0,3.728259092188523,0.0,0.0,46.0,3.728259092188523,Rahmanullah Gurbaz,5000000.0,WK-Batter,Retained,KKR,0.5,7.456518184377046,crore,0.0810491106997505,0.24474461685403748,0.48948923370807496
Deepak Chahar,2023,2.0,-2.1828074663072847,180.0,106.55770262209278,182.0,104.3748951557855,Deepak Chahar,140000000.0,Bowler,Retained,CSK,14.0,7.455349653984678,crore,0.5734884349218983,0.40416661941989984,0.02886904424427856
Rahul Chahar,2023,9.0,-14.256032242234884,286.0,52.906303390386796,295.0,38.650271148151916,Rahul Chahar,52500000.0,Bowler,Retained,PBKS,5.25,7.3619564091717935,crore,0.13101786829882006,-0.03830394720317834,-0.007295989943462541
Anrich Nortje,2023,29.0,-3.7174320894000195,243.0,51.111178839674956,272.0,47.393746750274936,Anrich Nortje,65000000.0,Bowler,Retained,DC,6.5,7.291345653888452,crore,0.17424171599365784,0.00491990049165944,0.0007569077679476061
Mohammed Siraj,2024,8.0,-3.6780505203893874,324.0,54.430939682925164,332.0,50.75288916253578,Mohammed Siraj,70000000.0,Bowler,Retained,RCB,7.0,7.250412737505111,crore,0.15287014807992705,-0.016451667422071353,-0.0023502382031530505
T Natarajan,2023,0.0,0.0,270.0,28.66684457509141,270.0,28.66684457509141,T Natarajan,40000000.0,Bowler,Retained,SRH,4.0,7.166711143772853,crore,0.10617349842626449,-0.06314831707573391,-0.01578707926893348
Karn Sharma,2023,5.0,-0.6104732604963603,129.0,4.147621352907812,134.0,3.537148092411452,Karn Sharma,5000000.0,Bowler,Retained,RCB,0.5,7.074296184822904,crore,0.026396627555309343,-0.14292518794668907,-0.28585037589337814
Arshdeep Singh,2024,3.0,-17.96077823413963,302.0,45.52057278267575,305.0,27.559794548536118,Arshdeep Singh,40000000.0,Bowler,Retained,PBKS,4.0,6.8899486371340295,crore,0.09035998212634792,-0.07896183337565048,-0.01974045834391262
Mark Wood,2023,5.0,1.583335024507809,97.0,47.38660909969306,102.0,48.96994412420087,Mark Wood,75000000.0,Bowler,Retained,LSG,7.5,6.529325883226783,crore,0.48009749141373403,0.3107756759117356,0.041436756788231416
Khaleel Ahmed,2023,0.0,0.0,200.0,32.46149804493761,200.0,32.46149804493761,Khaleel Ahmed,52500000.0,Bowler,Retained,DC,5.25,6.183142484750022,crore,0.16230749022468807,-0.007014325277310329,-0.0013360619575829198
Abhishek Sharma,2024,237.0,24.02466039320322,42.0,15.750752178108165,279.0,39.775412571311385,Abhishek Sharma,65000000.0,Allrounder,Retained,SRH,6.5,6.119294241740213,crore,0.14256420276455695,0.3062597089188439,0.047116878295206756
Vijay Shankar,2023,188.0,8.492655751996587,0.0,0.0,188.0,8.492655751996587,Vijay Shankar,14000000.0,Allrounder,Retained,GT,1.4,6.066182679997563,crore,0.045173700808492485,0.20886920696277944,0.1491922906876996
Pat Cummins,2024,95.0,12.961301356344741,366.0,107.78712669257769,461.0,120.74842804892242,Pat Cummins,205000000.0,Bowler,Sold,SRH,20.5,5.890167221898655,crore,0.2619271758111115,0.09260536030911312,0.00451733464922503
Mukesh Kumar,2024,9.0,-4.202270968673824,216.0,35.55303488561454,225.0,31.350763916940714,Mukesh Kumar,55000000.0,Bowler,Retained,DC,5.5,5.70013889398922,crore,0.1393367285197365,-0.029985086982261905,-0.0054518339967748915
Avesh Khan,2024,5.0,2.1215249841972716,330.0,52.48388043439584,335.0,54.605405418593115,Avesh Khan,100000000.0,Bowler,Traded,RR,10.0,5.460540541859311,crore,0.16300121020475558,-0.006320605297242821,-0.0006320605297242821
Faf du Plessis,2023,475.0,37.73619417289376,0.0,0.0,475.0,37.73619417289376,Faf du Plessis,70000000.0,Batter,Retained,RCB,7.0,5.3908848818419655,crore,0.07944461931135528,0.24314012546564223,0.03473430363794889
Reece Topley,2023,0.0,0.0,12.0,10.108125892514039,12.0,10.108125892514039,Reece Topley,19000000.0,Bowler,Sold,RCB,1.9,5.320066259217915,crore,0.84234382437617,0.6730220088741715,0.3542221099337745
Harshal Patel,2024,19.0,-1.9004599845739412,296.0,64.19300971328816,315.0,62.29254972871422,Harshal Patel,117500000.0,Bowler,Sold,PBKS,11.75,5.301493593933126,crore,0.1977541261229023,0.0284323106209039,0.002419771116672672
Praveen Dubey,2023,20.0,-1.17778918329428,18.0,3.782979102914936,38.0,2.6051899196206563,Praveen Dubey,5000000.0,Bowler,Retained,DC,0.5,5.2103798392413125,crore,0.06855762946370147,-0.10076418603829693,-0.20152837207659385
Jayant Yadav,2023,0.0,0.0,24.0,8.827869753433333,24.0,8.827869753433333,Jayant Yadav,17000000.0,Allrounder,Retained,GT,1.7,5.192864560843137,crore,0.36782790639305557,0.5315234125473425,0.31266083091020147
Adam Zampa,2023,16.0,-21.853795393772156,132.0,29.387554630064812,148.0,7.533759236292656,Adam Zampa,15000000.0,Bowler,Sold,RR,1.5,5.022506157528437,crore,0.05090377862359903,-0.11841803687839937,-0.07894535791893291
Suryakumar Yadav,2024,192.0,40.164158452171044,0.0,0.0,192.0,40.164158452171044,Suryakumar Yadav,80000000.0,Batter,Retained,MI,8.0,5.0205198065213805,crore,0.20918832527172418,0.3728838314260111,0.04661047892825139
Darshan Nalkande,2024,11.0,-7.099035097381105,29.0,8.075021641109895,40.0,0.9759865437287907,Darshan Nalkande,2000000.0,Bowler,Retained,GT,0.2,4.879932718643953,crore,0.024399663593219767,-0.14492215190877863,-0.7246107595438931
Glenn Maxwell,2023,218.0,53.326999184589354,62.0,-0.28036620752307684,280.0,53.04663297706628,Glenn Maxwell,110000000.0,Allrounder,Retained,RCB,11.0,4.822421179733298,crore,0.18945226063237958,0.35314776678666654,0.032104342435151506
Josh Little,2024,0.0,0.0,24.0,21.00895126616159,24.0,21.00895126616159,Joshua Little,44000000.0,Bowler,Retained,GT,4.4,4.774761651400361,crore,0.8753729694233995,0.706051153921401,0.16046617134577296
Ravindra Jadeja,2023,127.0,-50.13647159108455,318.0,124.24512128534724,445.0,74.10864969426268,Ravindra Jadeja,160000000.0,Allrounder,Retained,CSK,16.0,4.631790605891418,crore,0.16653629144778131,0.3302317976020683,0.020639487350129267
Adil Rashid,2023,16.0,-1.741731238708379,42.0,10.83525045451232,58.0,9.09351921580394,Adil Rashid,20000000.0,Bowler,Sold,SRH,2.0,4.54675960790197,crore,0.15678481406558517,-0.012537001436413231,-0.0062685007182066155
Will Jacks,2024,131.0,16.07593020126891,54.0,-2.043052429685737,185.0,14.032877771583173,Will Jacks,32000000.0,Allrounder,Retained,RCB,3.2,4.385274303619742,crore,0.07585339335990905,0.239548899514196,0.07485903109818624
Josh Little,2023,0.0,0.0,192.0,17.83008305197694,192.0,17.83008305197694,Joshua Little,44000000.0,Bowler,Sold,GT,4.4,4.052291602722031,crore,0.09286501589571322,-0.07645679960628518,-0.017376545365064812
Umesh Yadav,2024,15.0,-9.460338780929458,126.0,30.1219296687011,141.0,20.66159088777164,Umesh Yadav,58000000.0,Bowler,Sold,GT,5.8,3.562343256512352,crore,0.14653610558703292,-0.02278570991496548,-0.003928570674994049
Krunal Pandya,2024,105.0,-32.22785761166058,198.0,61.08286063249617,303.0,28.85500302083559,Krunal Pandya,82500000.0,Allrounder,Retained,LSG,8.25,3.4975761237376473,crore,0.09523103307206465,0.2589265392263516,0.03138503505773959
Ravindra Jadeja,2024,187.0,4.312619776933522,283.0,51.09759997537513,470.0,55.410219752308656,Ravindra Jadeja,160000000.0,Allrounder,Retained,CSK,16.0,3.463138734519291,crore,0.11789408457938012,0.2815895907336671,0.017599349420854192
Nicholas Pooran,2024,280.0,53.47908338142545,0.0,0.0,280.0,53.47908338142545,Nicholas Pooran,160000000.0,WK-Batter,Retained,LSG,16.0,3.3424427113390904,crore,0.19099672636223375,0.3546922325165207,0.022168264532282544
Kagiso Rabada,2023,2.0,0.03232358502301835,141.0,30.26814169905137,143.0,30.300465284074388,Kagiso Rabada,92500000.0,Bowler,Retained,PBKS,9.25,3.2757259766566906,crore,0.21189136562289781,0.04256955012089941,0.004602113526583721
Moeen Ali,2023,91.0,-34.048458212557314,156.0,60.1564094853596,247.0,26.10795127280229,Moeen Ali,80000000.0,Allrounder,Retained,CSK,8.0,3.263493909100286,crore,0.1057002075821955,0.26939571373648247,0.03367446421706031
Reece Topley,2024,6.0,-3.896796331673446,90.0,9.375190092544534,96.0,5.4783937608710875,Reece Topley,19000000.0,Bowler,Retained,RCB,1.9,2.8833651373005726,crore,0.05706660167574049,-0.11225521382625792,-0.05908169148750417
Jaydev Unadkat,2024,26.0,-12.54024058894845,187.0,17.102796737565313,213.0,4.5625561486168635,Jaydev Unadkat,16000000.0,Bowler,Sold,SRH,1.6,2.8515975928855397,crore,0.021420451401957107,-0.1479013641000413,-0.0924383525625258
MS Dhoni,2024,73.0,31.66771466979762,0.0,0.0,73.0,31.66771466979762,MS Dhoni,120000000.0,WK-Batter,Retained,CSK,12.0,2.638976222483135,crore,0.4338043105451729,0.5974998166994598,0.04979165139162165
Mitchell Starc,2024,9.0,-3.232036526254727,245.0,63.04148167694308,254.0,59.809445150688354,Mitchell Starc,247500000.0,Bowler,Sold,KKR,24.75,2.4165432384116508,crore,0.23547025649877304,0.06614844099677464,0.0026726642826979652
M Shahrukh Khan,2024,75.0,16.73371039832532,12.0,-0.34221379077970937,87.0,16.391496607545612,Shahrukh Khan,74000000.0,Allrounder,Sold,GT,7.4,2.2150671091277854,crore,0.1884080069832829,0.3521035131375698,0.04758155582940132
Rahul Tripathi,2024,115.0,17.229571531907183,0.0,0.0,115.0,17.229571531907183,Rahul Tripathi,85000000.0,Batter,Retained,SRH,8.5,2.027008415518492,crore,0.149822361147019,0.31351786730130593,0.03688445497662423
Yuzvendra Chahal,2024,0.0,0.0,349.0,12.75194188929948,349.0,12.75194188929948,Yuzvendra Chahal,65000000.0,Bowler,Retained,RR,6.5,1.9618372137383817,crore,0.036538515442118856,-0.13278330005987954,-0.020428200009212236
Rashid Khan,2024,71.0,7.391298882766059,262.0,21.62350085227578,333.0,29.014799735041837,Rashid Khan,150000000.0,Allrounder,Retained,GT,15.0,1.9343199823361226,crore,0.08713153073586137,0.25082703689014835,0.016721802459343224
Deepak Chahar,2024,0.0,0.0,141.0,26.540468246329414,141.0,26.540468246329414,Deepak Chahar,140000000.0,Bowler,Retained,CSK,14.0,1.8957477318806724,crore,0.1882302712505632,0.018908455748564812,0.0013506039820403437
Chetan Sakariya,2023,6.0,-5.870271146203021,49.0,13.484621660801066,55.0,7.614350514598045,Chetan Sakariya,42000000.0,Bowler,Retained,DC,4.2,1.81294059871382,crore,0.13844273662905537,-0.030879078872943028,-0.007352161636415006
Akash Singh,2023,0.0,0.0,114.0,1.0876973869155293,114.0,1.0876973869155293,Avinash Singh,6000000.0,Bowler,Sold,RCB,0.6,1.8128289781925488,crore,0.009541205148381837,-0.15978061035361657,-0.2663010172560276
Mitchell Santner,2024,17.0,-23.42038038531735,54.0,26.809373252396043,71.0,3.3889928670786915,Mitchell Santner,19000000.0,Allrounder,Retained,CSK,1.9,1.7836804563572062,crore,0.04773229390251678,0.21142780005680373,0.11127778950358092
Amit Mishra,2024,0.0,0.0,12.0,0.8780971981056211,12.0,0.8780971981056211,Amit Mishra,5000000.0,Bowler,Retained,LSG,0.5,1.7561943962112423,crore,0.07317476650880177,-0.09614704899319663,-0.19229409798639327
Marcus Stoinis,2023,272.0,-11.896246971511825,65.0,27.188506711864754,337.0,15.292259740352929,Marcus Stoinis,92000000.0,Allrounder,Retained,LSG,9.2,1.6622021456905358,crore,0.04537762534229356,0.20907313149658052,0.022725340380063103
Kagiso Rabada,2024,14.0,-5.815704970929192,252.0,18.87694291764885,266.0,13.061237946719658,Kagiso Rabada,92500000.0,Bowler,Retained,PBKS,9.25,1.4120257239696927,crore,0.049102398295938564,-0.12021941720605983,-0.012996693752006468
Shubman Gill,2023,544.0,10.519883370698217,0.0,0.0,544.0,10.519883370698217,Shubman Gill,80000000.0,Batter,Retained,GT,8.0,1.3149854213372771,crore,0.01933802090201878,0.18303352705630574,0.022879190882038217
Travis Head,2024,296.0,26.458838766618953,10.0,-17.843984126845882,306.0,8.614854639773071,Travis Head,68000000.0,Batter,Sold,SRH,6.8,1.2668903882019222,crore,0.028153119737820493,0.19184862589210747,0.02821303321942757
Tim David,2024,149.0,9.387148686820527,0.0,0.0,149.0,9.387148686820527,Tim David,82500000.0,Batter,Retained,MI,8.25,1.1378362044630943,crore,0.06300099789812434,0.22669650405241132,0.02747836412756501
Axar Patel,2024,179.0,-52.305108169635716,264.0,62.21289981060498,443.0,9.907791640969265,Axar Patel,90000000.0,Allrounder,Retained,DC,9.0,1.1008657378854738,crore,0.022365218151172154,0.1860607243054591,0.02067341381171768
Manimaran Siddharth,2024,0.0,0.0,57.0,2.522498984353305,57.0,2.522498984353305,Manimaran Siddharth,24000000.0,Bowler,Sold,LSG,2.4,1.0510412434805438,crore,0.04425436814654921,-0.1250674473554492,-0.05211143639810383
Josh Hazlewood,2023,2.0,-2.675802969119764,56.0,9.30742735173829,58.0,6.631624382618527,Josh Hazlewood,77500000.0,Bowler,Retained,RCB,7.75,0.8556934687249712,crore,0.11433835142445735,-0.05498346407754105,-0.007094640526134329
MS Dhoni,2023,56.0,10.041687741691872,0.0,0.0,56.0,10.041687741691872,MS Dhoni,120000000.0,WK-Batter,Retained,CSK,12.0,0.836807311807656,crore,0.179315852530212,0.34301135868449895,0.028584279890374913
Avesh Khan,2023,1.0,-1.1607139282756562,174.0,6.855479753945971,175.0,5.694765825670315,Avesh Khan,100000000.0,Bowler,Retained,LSG,10.0,0.5694765825670315,crore,0.03254151900383037,-0.13678029649816803,-0.013678029649816802
Spencer Johnson,2024,7.0,-1.9173043222523107,96.0,5.889943991522173,103.0,3.9726396692698627,Spencer Johnson,100000000.0,Bowler,Sold,GT,10.0,0.3972639669269863,crore,0.038569317177377306,-0.1307524983246211,-0.01307524983246211
Nicholas Pooran,2023,207.0,5.72853794719987,0.0,0.0,207.0,5.72853794719987,Nicholas Pooran,160000000.0,WK-Batter,Sold,LSG,16.0,0.35803362169999187,crore,0.027674096363284394,0.19136960251757135,0.01196060015734821
Shivam Dube,2023,243.0,1.2715294834447857,0.0,0.0,243.0,1.2715294834447857,Shivam Dube,40000000.0,Allrounder,Retained,CSK,4.0,0.3178823708611964,crore,0.005232631619114345,0.16892813777340132,0.04223203444335033
Obed McCoy,2023,0.0,0.0,6.0,0.15119112140416746,6.0,0.15119112140416746,Obed McCoy,7500000.0,Bowler,Retained,RR,0.75,0.20158816187222328,crore,0.02519852023402791,-0.1441232952679705,-0.19216439369062732
Nitish Rana,2023,276.0,-8.125295666181671,53.0,9.275185487079629,329.0,1.1498898208979575,Nitish Rana,80000000.0,Allrounder,Retained,KKR,8.0,0.1437362276122447,crore,0.0034951058385956158,0.16719061199288257,0.02089882649911032
Rahul Tewatia,2024,129.0,1.0078205350902696,0.0,0.0,129.0,1.0078205350902696,Rahul Tewatia,90000000.0,Allrounder,Retained,GT,9.0,0.1119800594544744,crore,0.00781256228752147,0.17150806844180844,0.019056452049089827
Krunal Pandya,2023,165.0,-76.33418805821802,252.0,77.03544366945576,417.0,0.701255611237741,Krunal Pandya,82500000.0,Allrounder,Retained,LSG,8.25,0.08500068015002922,crore,0.0016816681324646069,0.16537717428675158,0.02004571809536383
Mitchell Marsh,2023,97.0,-48.80614718862469,122.0,49.21301629021693,219.0,0.40686910159223544,Mitchell Marsh,65000000.0,Allrounder,Retained,DC,6.5,0.06259524639880545,crore,0.0018578497789599792,0.16555335593324694,0.025469747066653375
Cameron Green,2023,282.0,4.205178822456116,229.0,-8.64920161479274,511.0,-4.444022792336625,Cameron Green,175000000.0,Allrounder,Sold,MI,17.5,-0.2539441595620929,crore,-0.008696717793222359,0.1549987883610646,0.008857073620632263
Virat Kohli,2024,479.0,-4.65031138503533,0.0,0.0,479.0,-4.65031138503533,Virat Kohli,150000000.0,Batter,Retained,RCB,15.0,-0.3100207590023553,crore,-0.009708374499029917,0.15398713165525704,0.010265808777017136
Shubham Dubey,2024,19.0,-2.06589645111948,0.0,0.0,19.0,-2.06589645111948,Shubham Dubey,58000000.0,Batter,Sold,RR,5.8,-0.35618904329646206,crore,-0.10873139216418315,0.05496411399010381,0.009476571377604106
Gerald Coetzee,2024,22.0,-25.73389398920575,202.0,23.58793521767559,224.0,-2.145958771530161,Gerald Coetzee,50000000.0,Allrounder,Sold,MI,5.0,-0.4291917543060322,crore,-0.009580173087188218,0.15411533306709874,0.03082306661341975
KL Rahul,2024,382.0,-7.368682376256249,0.0,0.0,382.0,-7.368682376256249,KL Rahul,170000000.0,WK-Batter,Retained,LSG,17.0,-0.43345190448566173,crore,-0.019289744440461384,0.14440576171382558,0.008494456571401505
Jhye Richardson,2024,2.0,-1.9822555845389713,24.0,-0.2078862750997743,26.0,-2.1901418596387456,Jhye Richardson,50000000.0,Bowler,Sold,DC,5.0,-0.4380283719277491,crore,-0.08423622537072098,-0.2535580408727194,-0.05071160817454388
Navdeep Saini,2023,0.0,0.0,39.0,-1.2324911514741892,39.0,-1.2324911514741892,Navdeep Saini,26000000.0,Bowler,Retained,RR,2.6,-0.47403505825930353,crore,-0.031602337217286905,-0.20092415271928532,-0.0772785202766482
Sanju Samson,2024,346.0,-7.094819042528185,0.0,0.0,346.0,-7.094819042528185,Sanju Samson,140000000.0,WK-Batter,Retained,RR,14.0,-0.5067727887520131,crore,-0.020505257348347353,0.1431902488059396,0.010227874914709972
Jofra Archer,2023,4.0,-3.471361862544666,122.0,-1.68281170588976,126.0,-5.154173568434426,Jofra Archer,80000000.0,Bowler,Retained,MI,8.0,-0.6442716960543032,crore,-0.040906139432019255,-0.21022795493401766,-0.026278494366752208
Rishabh Pant,2024,287.0,-10.409349164005576,0.0,0.0,287.0,-10.409349164005576,Rishabh Pant,160000000.0,WK-Batter,Retained,DC,16.0,-0.6505843227503485,crore,-0.036269509282249396,0.12742599687203757,0.007964124804502348
Wanindu Hasaranga,2023,28.0,-18.52399131999137,174.0,11.107669772538799,202.0,-7.416321547452572,Wanindu Hasaranga,107500000.0,Allrounder,Retained,RCB,10.75,-0.689890376507216,crore,-0.03671446310620085,0.1269810430480861,0.011812190050984755
Cameron Green,2024,178.0,-64.51062387595374,211.0,52.21170109720242,389.0,-12.298922778751319,Cameron Green,175000000.0,Allrounder,Traded,RCB,17.5,-0.7027955873572183,crore,-0.03161676806876946,0.1320787380855175,0.0075473564620295724
Venkatesh Iyer,2024,212.0,14.084685466666993,6.0,-19.818097229863625,218.0,-5.7334117631966315,Venkatesh Iyer,80000000.0,Allrounder,Retained,KKR,8.0,-0.7166764703995789,crore,-0.026300053959617577,0.1373954521946694,0.017174431524333674
Shreyas Iyer,2024,229.0,-10.376836710444348,0.0,0.0,229.0,-10.376836710444348,Shreyas Iyer,122500000.0,Batter,Retained,KKR,12.25,-0.8470887110566815,crore,-0.04531369742552117,0.1183818087287658,0.009663821120715576
Moeen Ali,2024,98.0,-9.558674640274562,48.0,1.0944715166503016,146.0,-8.46420312362426,Moeen Ali,80000000.0,Allrounder,Retained,CSK,8.0,-1.0580253904530326,crore,-0.05797399399742644,0.10572151215686051,0.013215189019607564
Liam Livingstone,2024,78.0,-42.00315876916605,72.0,29.243872300012995,150.0,-12.759286469153054,Liam Livingstone,115000000.0,Allrounder,Retained,PBKS,11.5,-1.1095031712307004,crore,-0.08506190979435369,0.07863359635993328,0.006837704031298546
Lockie Ferguson,2023,0.0,0.0,48.0,-12.15335220181328,48.0,-12.15335220181328,Lockie Ferguson,100000000.0,Bowler,Traded,KKR,10.0,-1.2153352201813281,crore,-0.25319483753777666,-0.42251665303977504,-0.042251665303977504
Rilee Rossouw,2024,116.0,-9.757376001335878,0.0,0.0,116.0,-9.757376001335878,Rilee Rossouw,80000000.0,Batter,Sold,PBKS,8.0,-1.2196720001669847,crore,-0.08411531035634377,0.07958019579794319,0.009947524474742899
Umran Malik,2024,0.0,0.0,6.0,-4.934063413063569,6.0,-4.934063413063569,Umran Malik,40000000.0,Bowler,Retained,SRH,4.0,-1.2335158532658923,crore,-0.8223439021772615,-0.9916657176792599,-0.24791642941981498
Ravi Bishnoi,2024,6.0,-23.615265425406502,262.0,18.48316099349013,268.0,-5.132104431916371,Ravi Bishnoi,40000000.0,Bowler,Retained,LSG,4.0,-1.2830261079790928,crore,-0.019149643402673028,-0.18847145890467143,-0.04711786472616786
Marcus Stoinis,2024,263.0,-39.9141945945843,84.0,27.854115505783096,347.0,-12.060079088801206,Marcus Stoinis,92000000.0,Allrounder,Retained,LSG,9.2,-1.3108781618262182,crore,-0.034755271149283014,0.12894023500500396,0.014015242935326518
Glenn Maxwell,2024,43.0,-64.74297729180716,96.0,49.02751036136925,139.0,-15.715466930437913,Glenn Maxwell,110000000.0,Allrounder,Retained,RCB,11.0,-1.428678811857992,crore,-0.11306091316861808,0.050634592985668886,0.00460314481687899
Shardul Thakur,2023,67.0,-17.754052121468394,103.0,0.5750061360296801,170.0,-17.179045985438712,Shardul Thakur,107500000.0,Bowler,Traded,KKR,10.75,-1.598050789343136,crore,-0.10105321167905125,-0.27037502718104967,-0.02515116531916741
Rovman Powell,2024,68.0,-12.318617241360045,0.0,0.0,68.0,-12.318617241360045,Rovman Powell,74000000.0,Batter,Sold,RR,7.4,-1.6646780055891952,crore,-0.1811561359023536,-0.01746062974806664,-0.002359544560549546
Nitish Rana,2024,11.0,-13.32414676893606,0.0,0.0,11.0,-13.32414676893606,Nitish Rana,80000000.0,Batter,Retained,KKR,8.0,-1.6655183461170076,crore,-1.2112860699032781,-1.047590563748991,-0.13094882046862388
Vivrant Sharma,2023,47.0,1.8296228233821523,19.0,-6.180804744893777,66.0,-4.351181921511625,Vivrant Sharma,26000000.0,Allrounder,Sold,SRH,2.6,-1.6735315082737017,crore,-0.06592699881078219,0.09776850734350477,0.03760327205519414
Ben Stokes,2023,14.0,-18.261790290010573,6.0,-9.69523356341972,20.0,-27.957023853430293,Ben Stokes,162500000.0,Allrounder,Sold,CSK,16.25,-1.7204322371341718,crore,-1.3978511926715147,-1.2341556865172278,-0.07594804224721402
Rahul Tewatia,2023,57.0,-22.69966046495766,13.0,6.876950800410151,70.0,-15.822709664547508,Rahul Tewatia,90000000.0,Allrounder,Retained,GT,9.0,-1.7580788516163899,crore,-0.22603870949353583,-0.062343203339248865,-0.006927022593249874
Harshal Patel,2023,6.0,-17.930632547310296,287.0,-2.3964247790344633,293.0,-20.327057326344757,Harshal Patel,107500000.0,Bowler,Retained,RCB,10.75,-1.8908890536134657,crore,-0.06937562227421419,-0.2386974377762126,-0.02220441281639187
Washington Sundar,2024,1.0,-2.75242187594068,30.0,-13.90328609016754,31.0,-16.65570796610822,Washington Sundar,87500000.0,Allrounder,Retained,SRH,8.75,-1.9035094818409395,crore,-0.5372809021325232,-0.37358539597823626,-0.04269547382608414
Sanju Samson,2023,236.0,-28.172281100225057,0.0,0.0,236.0,-28.172281100225057,Sanju Samson,140000000.0,WK-Batter,Retained,RR,14.0,-2.012305792873218,crore,-0.11937407245858075,0.04432143369570621,0.0031658166925504433
M Shahrukh Khan,2023,87.0,-18.579044165380786,0.0,0.0,87.0,-18.579044165380786,Shahrukh Khan,90000000.0,Batter,Retained,PBKS,9.0,-2.064338240597865,crore,-0.21355223178598604,-0.04985672563169907,-0.005539636181299897
Shikhar Dhawan,2023,232.0,-18.35011852298527,0.0,0.0,232.0,-18.35011852298527,Shikhar Dhawan,82500000.0,Batter,Retained,PBKS,8.25,-2.224256790664881,crore,-0.0790953384611434,0.08460016769314356,0.010254565780987098
Shimron Hetmyer,2023,197.0,-20.141193998537908,0.0,0.0,197.0,-20.141193998537908,Shimron Hetmyer,85000000.0,Batter,Retained,RR,8.5,-2.3695522351221068,crore,-0.10223956344435486,0.0614559427099321,0.007230110907050835
Sam Curran,2023,186.0,-34.08360247258125,270.0,-10.60010351991567,456.0,-44.68370599249692,Sam Curran,185000000.0,Allrounder,Sold,PBKS,18.5,-2.4153354590538876,crore,-0.09799058331687921,0.06570492283740775,0.0035516174506706895
Alzarri Joseph,2024,0.0,0.0,58.0,-30.489959430868993,58.0,-30.489959430868993,Alzarri Joseph,115000000.0,Bowler,Sold,RCB,11.5,-2.651300820075565,crore,-0.5256889557046378,-0.6950107712066362,-0.060435719235359675
Alzarri Joseph,2023,12.0,-2.901887484470615,144.0,-3.528399503389221,156.0,-6.430286987859835,Alzarri Joseph,24000000.0,Bowler,Retained,GT,2.4,-2.6792862449415984,crore,-0.04121978838371689,-0.2105416038857153,-0.08772566828571471
Quinton de Kock,2023,102.0,-18.41100902971703,0.0,0.0,102.0,-18.41100902971703,Quinton de Kock,67500000.0,WK-Batter,Retained,LSG,6.75,-2.727556893291412,crore,-0.18050008852663754,-0.01680458237235058,-0.0024895677588667527
Daryl Mitchell,2024,223.0,-39.25395041523272,36.0,0.7641627364516381,259.0,-38.489787678781084,Daryl Mitchell,140000000.0,Allrounder,Sold,CSK,14.0,-2.7492705484843634,crore,-0.1486092188369926,0.015086287317294361,0.0010775919512353116
Dwaine Pretorius,2023,0.0,0.0,24.0,-1.4033517513914588,24.0,-1.4033517513914588,Dwaine Pretorius,5000000.0,Allrounder,Retained,CSK,0.5,-2.8067035027829177,crore,-0.058472989641310785,0.10522251651297618,0.21044503302595235
Lockie Ferguson,2024,1.0,-1.2402283375664194,147.0,-4.716989741251698,148.0,-5.9572180788181175,Lockie Ferguson,20000000.0,Bowler,Sold,RCB,2.0,-2.9786090394090587,crore,-0.040251473505527824,-0.20957328900752623,-0.10478664450376311
Shimron Hetmyer,2024,69.0,-25.761172892875607,0.0,0.0,69.0,-25.761172892875607,Shimron Hetmyer,85000000.0,Batter,Retained,RR,8.5,-3.0307262226912477,crore,-0.3733503317808059,-0.20965482562651894,-0.024665273603119875
Suyash Prabhudessai,2024,18.0,-0.9171767632308487,0.0,0.0,18.0,-0.9171767632308487,Suyash Prabhudessai,3000000.0,Allrounder,Retained,RCB,0.3,-3.0572558774361625,crore,-0.05095426462393604,0.11274124153035092,0.3758041384345031
Sam Curran,2024,219.0,-64.36442377604435,247.0,7.104778057683319,466.0,-57.25964571836103,Sam Curran,185000000.0,Allrounder,Retained,PBKS,18.5,-3.095115984776272,crore,-0.12287477621965887,0.0408207299346281,0.0022065259424123296
Liam Livingstone,2023,171.0,-12.439702020159093,42.0,-23.50677544402953,213.0,-35.94647746418862,Liam Livingstone,115000000.0,Allrounder,Retained,PBKS,11.5,-3.12578064905988,crore,-0.1687628049961907,-0.005067298841903739,-0.00044063468190467294
Matthew Wade,2024,6.0,-7.62246774266562,0.0,0.0,6.0,-7.62246774266562,Matthew Wade,24000000.0,WK-Batter,Retained,GT,2.4,-3.176028226110675,crore,-1.27041129044427,-1.106715784289983,-0.46113157678749295
Rohit Sharma,2024,254.0,-58.16514063602012,0.0,0.0,254.0,-58.16514063602012,Rohit Sharma,160000000.0,Batter,Retained,MI,16.0,-3.6353212897512575,crore,-0.22899661667724455,-0.06530111052295759,-0.004081319407684849
Kumar Kushagra,2024,7.0,-26.314272416395006,0.0,0.0,7.0,-26.314272416395006,Kumar Kushagra,72000000.0,WK-Batter,Sold,DC,7.2,-3.6547600578326396,crore,-3.7591817737707154,-3.5954862676164283,-0.4993730927245039
Sameer Rizvi,2024,43.0,-30.817079907505256,0.0,0.0,43.0,-30.817079907505256,Sameer Rizvi,84000000.0,Batter,Sold,CSK,8.4,-3.668699988988721,crore,-0.7166762769187269,-0.55298077076444,-0.0658310441386238
Venkatesh Iyer,2023,249.0,-29.907331141689205,0.0,0.0,249.0,-29.907331141689205,Venkatesh Iyer,80000000.0,Allrounder,Retained,KKR,8.0,-3.7384163927111507,crore,-0.12010976362124179,0.043585742533045174,0.005448217816630647
Sunil Narine,2023,23.0,-78.0035763033207,264.0,55.463082684122895,287.0,-22.540493619197804,Sunil Narine,60000000.0,Allrounder,Retained,KKR,6.0,-3.756748936532967,crore,-0.07853830529337213,0.08515720086091483,0.014192866810152471
Jos Buttler,2024,255.0,-37.84002657553815,0.0,0.0,255.0,-37.84002657553815,Jos Buttler,100000000.0,WK-Batter,Retained,RR,10.0,-3.7840026575538146,crore,-0.14839226108054177,0.015303245073745197,0.0015303245073745198
Virat Kohli,2023,457.0,-60.33774322331093,0.0,0.0,457.0,-60.33774322331093,Virat Kohli,150000000.0,Batter,Retained,RCB,15.0,-4.022516214887395,crore,-0.132030072698711,0.03166543345557596,0.002111028897038397
Ruturaj Gaikwad,2023,384.0,-24.545328669985928,0.0,0.0,384.0,-24.545328669985928,Ruturaj Gaikwad,60000000.0,Batter,Retained,CSK,6.0,-4.090888111664321,crore,-0.06392012674475502,0.09977537940953195,0.016629229901588657
David Warner,2023,392.0,-25.583550630640893,0.0,0.0,392.0,-25.583550630640893,David Warner,62500000.0,Batter,Retained,DC,6.25,-4.093368100902543,crore,-0.0652641597720431,0.09843134638224386,0.01574901542115902
Ishan Kishan,2023,318.0,-62.68821839516692,0.0,0.0,318.0,-62.68821839516692,Ishan Kishan,152500000.0,WK-Batter,Retained,MI,15.25,-4.110702845584716,crore,-0.19713276224895257,-0.03343725609466561,-0.0021926069570272527
Andre Russell,2023,137.0,-56.49258642340496,94.0,5.527830925130018,231.0,-50.96475549827494,Andre Russell,120000000.0,Allrounder,Retained,KKR,12.0,-4.247062958189578,crore,-0.22062664717867939,-0.05693114102439242,-0.004744261752032702
Hardik Pandya,2023,241.0,-54.19221697028437,145.0,-10.641191763683821,386.0,-64.83340873396818,Hardik Pandya,150000000.0,Allrounder,Retained,GT,15.0,-4.322227248931212,crore,-0.1679621987926637,-0.004266692638376729,-0.00028444617589178193
Heinrich Klaasen,2024,280.0,-24.855832470948837,0.0,0.0,280.0,-24.855832470948837,Heinrich Klaasen,52500000.0,WK-Batter,Retained,SRH,5.25,-4.734444280180731,crore,-0.08877083025338871,0.07492467590089825,0.014271366838266334
Anuj Rawat,2024,77.0,-16.110005957187596,0.0,0.0,77.0,-16.110005957187596,Anuj Rawat,34000000.0,WK-Batter,Retained,RCB,3.4,-4.738237046231646,crore,-0.20922085658685188,-0.04552535043256492,-0.013389808950754388
Devdutt Padikkal,2023,200.0,-36.82944398119129,0.0,0.0,200.0,-36.82944398119129,Devdutt Padikkal,77500000.0,Batter,Retained,RR,7.75,-4.752186320153715,crore,-0.18414721990595645,-0.020451713751669487,-0.0026389308066670308
Abdul Basith,2023,1.0,-0.960798226434076,0.0,0.0,1.0,-0.960798226434076,Abdul Basith,2000000.0,Allrounder,Sold,RR,0.2,-4.803991132170379,crore,-0.960798226434076,-0.797102720279789,-3.985513601398945
Hardik Pandya,2024,147.0,-61.37168962559858,198.0,-12.89634427743044,345.0,-74.26803390302902,Hardik Pandya,150000000.0,Allrounder,Traded,MI,15.0,-4.951202260201935,crore,-0.21526966348704063,-0.05157415733275367,-0.003438277155516911
Ravichandran Ashwin,2024,74.0,-31.985278377459167,330.0,6.425965419092847,404.0,-25.55931295836632,Ravichandran Ashwin,50000000.0,Allrounder,Retained,RR,5.0,-5.111862591673264,crore,-0.0632656261345701,0.10042988001971687,0.020085976003943372
Jason Holder,2023,11.0,-9.593316588378165,171.0,-19.808453961370535,182.0,-29.4017705497487,Jason Holder,57500000.0,Allrounder,Sold,RR,5.75,-5.113351399956295,crore,-0.16154818983378408,0.0021473163205028845,0.0003734463166091973
Shikhar Dhawan,2024,121.0,-43.993975366919294,0.0,0.0,121.0,-43.993975366919294,Shikhar Dhawan,82500000.0,Batter,Retained,PBKS,8.25,-5.332603074778096,crore,-0.36358657328032473,-0.19989106712603777,-0.024229220257701547
Ishan Kishan,2024,193.0,-86.20435130966197,0.0,0.0,193.0,-86.20435130966197,Ishan Kishan,152500000.0,WK-Batter,Retained,MI,15.25,-5.652744348174556,crore,-0.44665466999824854,-0.2829591638439616,-0.018554699268456498
Mitchell Marsh,2024,38.0,-21.425453371110294,48.0,-17.052442271401304,86.0,-38.4778956425116,Mitchell Marsh,65000000.0,Allrounder,Retained,DC,6.5,-5.919676252694092,crore,-0.4474173911919953,-0.28372188503770834,-0.04364952077503205
Shivam Dube,2024,244.0,-21.30882982123946,6.0,-2.4962475342954633,250.0,-23.805077355534923,Shivam Dube,40000000.0,Allrounder,Retained,CSK,4.0,-5.951269338883731,crore,-0.09522030942213969,0.06847519673214728,0.01711879918303682
Mayank Agarwal,2024,57.0,-49.22284349110903,0.0,0.0,57.0,-49.22284349110903,Mayank Agarwal,82500000.0,Batter,Retained,SRH,8.25,-5.966405271649579,crore,-0.863558657738755,-0.699863151584468,-0.0848318971617537
Tim Southee,2023,0.0,0.0,12.0,-9.113830393079184,12.0,-9.113830393079184,Tim Southee,15000000.0,Bowler,Retained,KKR,1.5,-6.075886928719456,crore,-0.759485866089932,-0.9288076815919304,-0.6192051210612869
KL Rahul,2023,242.0,-103.38039557690307,0.0,0.0,242.0,-103.38039557690307,KL Rahul,170000000.0,WK-Batter,Retained,LSG,17.0,-6.081199739817827,crore,-0.42719171725993005,-0.2634962111056431,-0.015499777123861358
Mahipal Lomror,2024,68.0,-4.672097586021495,6.0,-1.1206162934336845,74.0,-5.79271387945518,Mahipal Lomror,9500000.0,Allrounder,Retained,RCB,0.95,-6.097593557321242,crore,-0.07827991728993486,0.0854155888643521,0.08991114617300222
Shardul Thakur,2024,17.0,-5.579414354656715,193.0,-19.42604462204361,210.0,-25.005458976700325,Shardul Thakur,40000000.0,Bowler,Sold,CSK,4.0,-6.251364744175081,crore,-0.11907361417476345,-0.28839542967676185,-0.07209885741919046
Mustafizur Rahman,2023,1.0,-0.6346863953002018,42.0,-11.886400918813932,43.0,-12.521087314114133,Mustafizur Rahman,20000000.0,Bowler,Retained,DC,2.0,-6.260543657057067,crore,-0.2911880770724217,-0.4605098925744201,-0.23025494628721005
Tim David,2023,146.0,-52.6672991768078,0.0,0.0,146.0,-52.6672991768078,Tim David,82500000.0,Allrounder,Retained,MI,8.25,-6.383915051734279,crore,-0.3607349258685466,-0.19703941971425964,-0.023883566025970866
Shubman Gill,2024,289.0,-53.04221430959862,0.0,0.0,289.0,-53.04221430959862,Shubman Gill,80000000.0,Batter,Retained,GT,8.0,-6.6302767886998275,crore,-0.18353707373563535,-0.01984156758134839,-0.002480195947668549
Kartik Tyagi,2023,0.0,0.0,41.0,-26.838502598269585,41.0,-26.838502598269585,Kartik Tyagi,40000000.0,Bowler,Retained,SRH,4.0,-6.709625649567396,crore,-0.6545976243480387,-0.8239194398500371,-0.20597985996250928
Glenn Phillips,2023,22.0,-23.732144441737567,18.0,13.604660759529807,40.0,-10.12748368220776,Glenn Phillips,15000000.0,WK-Batter,Retained,SRH,1.5,-6.751655788138507,crore,-0.253187092055194,-0.08949158590090706,-0.05966105726727137
Prithvi Shaw,2024,121.0,-51.78913610192639,0.0,0.0,121.0,-51.78913610192639,Prithvi Shaw,75000000.0,Batter,Retained,DC,7.5,-6.905218146923518,crore,-0.4280093892721189,-0.26431388311783194,-0.03524185108237759
Mayank Agarwal,2023,210.0,-59.04693442336495,0.0,0.0,210.0,-59.04693442336495,Mayank Agarwal,82500000.0,Batter,Sold,SRH,8.25,-7.157204172529085,crore,-0.28117587820649975,-0.11748037205221279,-0.014240045097237914
Mukesh Kumar,2023,9.0,-5.09739237144446,187.0,-34.288679434863155,196.0,-39.38607180630761,Mukesh Kumar,55000000.0,Bowler,Sold,DC,5.5,-7.161103964783202,crore,-0.20094934595054903,-0.37027116145254746,-0.06732202935500863
Abhinav Manohar,2024,16.0,-20.106559685336777,0.0,0.0,16.0,-20.106559685336777,Abhinav Manohar,26000000.0,Allrounder,Retained,GT,2.6,-7.733292186667991,crore,-1.2566599803335485,-1.0929644741792615,-0.4203709516074082
Harry Brook,2023,154.0,-102.6462594072938,0.0,0.0,154.0,-102.6462594072938,Harry Brook,132500000.0,Batter,Sold,SRH,13.25,-7.746887502437268,crore,-0.6665341519954142,-0.5028386458411273,-0.03795008647857564
Rovman Powell,2023,9.0,-27.19981408356199,13.0,5.488206347288234,22.0,-21.711607736273756,Rovman Powell,28000000.0,Batter,Retained,DC,2.8,-7.754145620097771,crore,-0.9868912607397161,-0.8231957545854292,-0.2939984837805104
Rohit Sharma,2023,250.0,-127.17453016807258,0.0,0.0,250.0,-127.17453016807258,Rohit Sharma,160000000.0,Batter,Retained,MI,16.0,-7.948408135504536,crore,-0.5086981206722904,-0.3450026145180034,-0.021562663407375213
Anrich Nortje,2024,8.0,-26.60835050251619,133.0,-25.247184104605846,141.0,-51.85553460712204,Anrich Nortje,65000000.0,Bowler,Retained,DC,6.5,-7.977774554941852,crore,-0.36776974898668113,-0.5370915644886796,-0.08262947145979685
Mohammad Nabi,2024,31.0,-17.555211830690357,74.0,5.487452840211342,105.0,-12.067758990479016,Mohammad Nabi,15000000.0,Allrounder,Sold,MI,1.5,-8.045172660319343,crore,-0.11493103800456206,0.048764468149724904,0.032509645433149936
Deepak Hooda,2024,105.0,-44.738613223918534,18.0,-1.9111880098694343,123.0,-46.64980123378797,Deepak Hooda,57500000.0,Allrounder,Retained,LSG,5.75,-8.113008910223995,crore,-0.37926667669746317,-0.2155711705431762,-0.03749063835533499
Marco Jansen,2024,13.0,-2.545312122742997,62.0,-33.664541989345686,75.0,-36.209854112088685,Marco Jansen,42000000.0,Allrounder,Retained,SRH,4.2,-8.621393836211592,crore,-0.48279805482784915,-0.3191025486735622,-0.0759767973032291
Kane Williamson,2024,27.0,-17.719527550224427,0.0,0.0,27.0,-17.719527550224427,Kane Williamson,20000000.0,Batter,Retained,GT,2.0,-8.859763775112214,crore,-0.6562787981564603,-0.4925832920021733,-0.24629164600108666
Jonny Bairstow,2024,195.0,-61.05474401125559,0.0,0.0,195.0,-61.05474401125559,Jonny Bairstow,67500000.0,WK-Batter,Retained,PBKS,6.75,-9.045147260926754,crore,-0.3131012513397723,-0.14940574518548533,-0.02213418447192375
Rachin Ravindra,2024,138.0,-22.74745962016921,12.0,6.464754564843233,150.0,-16.282705055325977,Rachin Ravindra,18000000.0,Allrounder,Sold,CSK,1.8,-9.045947252958875,crore,-0.10855136703550651,0.05514413911878045,0.030635632843766917
Akeal Hosein,2023,10.0,-0.8310339143910328,24.0,-8.308729175665377,34.0,-9.139763090056409,Akeal Hosein,10000000.0,Bowler,Sold,SRH,1.0,-9.139763090056409,crore,-0.2688165614722473,-0.43813837697424574,-0.43813837697424574
David Wiese,2023,11.0,-2.4345667080666153,18.0,-6.765475264600909,29.0,-9.200041972667524,David Wiese,10000000.0,Allrounder,Sold,KKR,1.0,-9.200041972667524,crore,-0.31724282664370773,-0.15354732048942077,-0.15354732048942077
Ambati Rayudu,2023,105.0,-62.79684902217869,0.0,0.0,105.0,-62.79684902217869,Ambati Rayudu,67500000.0,WK-Batter,Retained,CSK,6.75,-9.30323689217462,crore,-0.5980652287826542,-0.43436972262836726,-0.06435107001901737
Faf du Plessis,2024,271.0,-65.21404082185391,0.0,0.0,271.0,-65.21404082185391,Faf du Plessis,70000000.0,Batter,Retained,RCB,7.0,-9.31629154597913,crore,-0.24064221705481148,-0.07694671090052452,-0.010992387271503503
Ruturaj Gaikwad,2024,413.0,-55.95562506249022,0.0,0.0,413.0,-55.95562506249022,Ruturaj Gaikwad,60000000.0,Batter,Retained,CSK,6.0,-9.325937510415036,crore,-0.13548577496970998,0.02820973118457698,0.004701621864096163
Anukul Roy,2024,3.0,-0.7532152484027599,34.0,-1.1281004180699554,37.0,-1.8813156664727153,Anukul Roy,2000000.0,Allrounder,Retained,KKR,0.2,-9.406578332363576,crore,-0.05084636936412744,0.11284913679015952,0.5642456839507975
Dewald Brevis,2024,59.0,-28.94707741192458,0.0,0.0,59.0,-28.94707741192458,Dewald Brevis,30000000.0,Batter,Retained,MI,3.0,-9.64902580397486,crore,-0.49062843071058615,-0.3269329245562992,-0.10897764151876639
Jos Buttler,2023,282.0,-100.03984390910038,0.0,0.0,282.0,-100.03984390910038,Jos Buttler,100000000.0,WK-Batter,Retained,RR,10.0,-10.003984390910038,crore,-0.35475121953581695,-0.19105571338153,-0.019105571338153
Rilee Rossouw,2023,141.0,-46.38759152350488,0.0,0.0,141.0,-46.38759152350488,Rilee Rossouw,46000000.0,Batter,Sold,DC,4.6,-10.084259026848889,crore,-0.3289900108049992,-0.16529450465071222,-0.035933587967546136
David Warner,2024,125.0,-63.892900331083396,0.0,0.0,125.0,-63.892900331083396,David Warner,62500000.0,Batter,Retained,DC,6.25,-10.222864052973343,crore,-0.5111432026486672,-0.34744769649438023,-0.055591631439100835
Abhinav Manohar,2023,83.0,-26.955989786004032,0.0,0.0,83.0,-26.955989786004032,Abhinav Manohar Sadarangani,26000000.0,Batter,Retained,GT,2.6,-10.36768837923232,crore,-0.324770961277157,-0.16107545512287003,-0.061952098124180774
Yashasvi Jaiswal,2024,279.0,-41.92515387577761,0.0,0.0,279.0,-41.92515387577761,Yashasvi Jaiswal,40000000.0,Batter,Retained,RR,4.0,-10.481288468944403,crore,-0.1502693687303857,0.013426137423901252,0.003356534355975313
Dinesh Karthik,2023,104.0,-59.01681519265189,0.0,0.0,104.0,-59.01681519265189,Dinesh Karthik,55000000.0,WK-Batter,Retained,RCB,5.5,-10.730330035027617,crore,-0.567469376852422,-0.4037738706981351,-0.07341343103602456
Abdul Samad,2024,108.0,-44.811245753260344,0.0,0.0,108.0,-44.811245753260344,Abdul Samad,40000000.0,Batter,Retained,SRH,4.0,-11.202811438315086,crore,-0.414918942159818,-0.25122343600553104,-0.06280585900138276
Anuj Rawat,2023,71.0,-38.61990522301201,0.0,0.0,71.0,-38.61990522301201,Anuj Rawat,34000000.0,WK-Batter,Retained,RCB,3.4,-11.358795653827062,crore,-0.5439423270846763,-0.3802468209303893,-0.11183730027364391
David Miller,2024,139.0,-34.83409334961391,0.0,0.0,139.0,-34.83409334961391,David Miller,30000000.0,Batter,Retained,GT,3.0,-11.611364449871303,crore,-0.2506049881267188,-0.08690948197243181,-0.028969827324143937
Rahul Tripathi,2023,213.0,-99.42451044952237,0.0,0.0,213.0,-99.42451044952237,Rahul Tripathi,85000000.0,Batter,Retained,SRH,8.5,-11.697001229355573,crore,-0.46678173919963556,-0.3030862330453486,-0.03565720388768807
Phil Salt,2023,133.0,-23.400865050123,0.0,0.0,133.0,-23.400865050123,Philip Salt,20000000.0,Batter,Sold,DC,2.0,-11.7004325250615,crore,-0.1759463537603233,-0.012250847606036341,-0.006125423803018171
Prithvi Shaw,2023,85.0,-88.09865938911987,0.0,0.0,85.0,-88.09865938911987,Prithvi Shaw,75000000.0,Batter,Retained,DC,7.5,-11.746487918549317,crore,-1.0364548163425868,-0.8727593101882999,-0.11636790802510664
Devdutt Padikkal,2024,53.0,-91.38823559312901,0.0,0.0,53.0,-91.38823559312901,Devdutt Padikkal,77500000.0,Batter,Traded,LSG,7.75,-11.79203039911342,crore,-1.7243063319458305,-1.5606108257915436,-0.2013691388118121
Arjun Tendulkar,2024,0.0,0.0,14.0,-3.555949025735842,14.0,-3.555949025735842,Arjun Tendulkar,3000000.0,Bowler,Retained,MI,0.3,-11.853163419119474,crore,-0.25399635898113154,-0.4233181744831299,-1.4110605816104331
Riyan Parag,2023,66.0,-45.18122232759283,0.0,0.0,66.0,-45.18122232759283,Riyan Parag,38000000.0,Allrounder,Retained,RR,3.8,-11.889795349366533,crore,-0.6845639746604973,-0.5208684685062104,-0.13707064960689747
Mayank Dagar,2024,1.0,-1.046412774460542,71.0,-21.510468514928206,72.0,-22.55688128938875,Mayank Dagar,18000000.0,Bowler,Traded,RCB,1.8,-12.531600716327082,crore,-0.31329001790817707,-0.48261183341017544,-0.2681176852278752
Sumit Kumar,2024,24.0,-9.197805657615074,20.0,-3.7263971990836833,44.0,-12.924202856698757,Sumit Kumar,10000000.0,Allrounder,Sold,DC,1.0,-12.924202856698757,crore,-0.29373188310678994,-0.13003637695250297,-0.13003637695250297
Abhishek Sharma,2023,157.0,-68.32281836618945,72.0,-16.909696531036722,229.0,-85.23251489722617,Abhishek Sharma,65000000.0,Allrounder,Retained,SRH,6.5,-13.112694599573256,crore,-0.3721943881974942,-0.2084988820432072,-0.03207675108357034
Yash Dayal,2023,0.0,0.0,84.0,-43.976703022836936,84.0,-43.976703022836936,Yash Dayal,32000000.0,Bowler,Retained,GT,3.2,-13.742719694636541,crore,-0.5235321788432968,-0.6928539943452953,-0.21651687323290475
Ashton Turner,2024,18.0,-13.879992468186082,0.0,0.0,18.0,-13.879992468186082,Ashton Turner,10000000.0,Batter,Sold,LSG,1.0,-13.879992468186082,crore,-0.7711106926770045,-0.6074151865227175,-0.6074151865227175
Quinton de Kock,2024,186.0,-97.43699374821315,0.0,0.0,186.0,-97.43699374821315,Quinton de Kock,67500000.0,WK-Batter,Retained,LSG,6.75,-14.435110184920468,crore,-0.5238548050979202,-0.3601592989436332,-0.05335693317683455
David Miller,2023,178.0,-44.49132230809279,0.0,0.0,178.0,-44.49132230809279,David Miller,30000000.0,Batter,Retained,GT,3.0,-14.830440769364264,crore,-0.24995124892186962,-0.08625574276758266,-0.028751914255860888
Umesh Yadav,2023,18.0,-2.5554269994056256,90.0,-28.829590294787725,108.0,-31.38501729419335,Umesh Yadav,20000000.0,Bowler,Retained,KKR,2.0,-15.692508647096675,crore,-0.29060201198327174,-0.45992382748527016,-0.22996191374263508
Raghav Goyal,2023,0.0,0.0,24.0,-3.141736384425343,24.0,-3.141736384425343,Raghav Goyal,2000000.0,Bowler,Sold,MI,0.2,-15.708681922126715,crore,-0.1309056826843893,-0.3002274981863877,-1.5011374909319386
Mohit Sharma,2024,15.0,-8.483724339355884,235.0,0.3399111336265097,250.0,-8.143813205729375,Mohit Sharma,5000000.0,Bowler,Retained,GT,0.5,-16.28762641145875,crore,-0.0325752528229175,-0.20189706832491588,-0.40379413664983177
Romario Shepherd,2023,1.0,-8.30574640633727,0.0,0.0,1.0,-8.30574640633727,Romario Shepherd,5000000.0,Bowler,Sold,LSG,0.5,-16.61149281267454,crore,-8.30574640633727,-8.475068221839269,-16.950136443678538
Krishnappa Gowtham,2024,0.0,0.0,12.0,-15.069899443481205,12.0,-15.069899443481205,Krishnappa Gowtham,9000000.0,Allrounder,Retained,LSG,0.9,-16.744332714979116,crore,-1.2558249536234338,-1.092129447469147,-1.2134771638546078
Joe Root,2023,15.0,-14.715000377243669,12.0,-2.596502842105437,27.0,-17.311503219349106,Joe Root,10000000.0,Batter,Sold,RR,1.0,-17.311503219349106,crore,-0.6411667859018187,-0.4774712797475318,-0.4774712797475318
Deepak Hooda,2023,90.0,-96.2858420711095,6.0,-3.585790284359689,96.0,-99.87163235546919,Deepak Hooda,57500000.0,Allrounder,Retained,LSG,5.75,-17.368979540081597,crore,-1.040329503702804,-0.876633997548517,-0.15245808653017687
Swapnil Singh,2023,4.0,-5.616096788169461,12.0,1.5815272734545118,16.0,-4.034569514714949,Swapnil Singh,2000000.0,Allrounder,Sold,LSG,0.2,-20.172847573574746,crore,-0.2521605946696843,-0.08846508851539736,-0.4423254425769868
Shahbaz Ahmed,2024,166.0,-41.35123803563643,166.0,-9.041755890278438,332.0,-50.392993925914865,Shahbaz Ahmed,24000000.0,Allrounder,Traded,SRH,2.4,-20.997080802464527,crore,-0.1517861262828761,0.011909379871410858,0.0049622416130878574
Shivam Singh,2024,3.0,-4.753755952641015,0.0,0.0,3.0,-4.753755952641015,Shivam Singh,2000000.0,Allrounder,Retained,PBKS,0.2,-23.768779763205075,crore,-1.584585317547005,-1.4208898113927182,-7.104449056963591
Litton Das,2023,4.0,-12.150988508976155,0.0,0.0,4.0,-12.150988508976155,Litton Das,5000000.0,WK-Batter,Sold,KKR,0.5,-24.30197701795231,crore,-3.037747127244039,-2.8740516210897518,-5.7481032421795035
Shams Mulani,2024,1.0,-0.9709018483681906,30.0,-4.06739653249439,31.0,-5.038298380862581,Shams Mulani,2000000.0,Allrounder,Retained,MI,0.2,-25.1914919043129,crore,-0.16252575422137358,0.001169751932913382,0.00584875966456691
Manish Pandey,2023,146.0,-61.892097287541425,0.0,0.0,146.0,-61.892097287541425,Manish Pandey,24000000.0,Batter,Sold,DC,2.4,-25.78837386980893,crore,-0.42391847457220155,-0.2602229684179146,-0.10842623684079775
Sikandar Raza,2024,38.0,-7.542646293374716,12.0,-5.954833172304461,50.0,-13.497479465679177,Sikandar Raza,5000000.0,Allrounder,Retained,PBKS,0.5,-26.994958931358354,crore,-0.26994958931358354,-0.10625408315929658,-0.21250816631859315
Lalit Yadav,2023,59.0,-21.960257682655204,78.0,2.8996625750237754,137.0,-19.06059510763143,Lalit Yadav,6500000.0,Allrounder,Retained,DC,0.65,-29.32399247327912,crore,-0.13912843144256518,0.024567074711721787,0.037795499556495055
Kuldeep Sen,2023,0.0,0.0,19.0,-5.988179258607985,19.0,-5.988179258607985,Kuldeep Sen,2000000.0,Bowler,Retained,RR,0.2,-29.940896293039927,crore,-0.3151673294004203,-0.4844891449024187,-2.422445724512093
Donovan Ferreira,2024,11.0,-15.362426162642333,0.0,0.0,11.0,-15.362426162642333,Donovan Ferreira,5000000.0,Allrounder,Retained,RR,0.5,-30.724852325284665,crore,-1.3965841966038484,-1.2328886904495615,-2.465777380899123
Vijay Shankar,2024,72.0,-44.89424177969514,0.0,0.0,72.0,-44.89424177969514,Vijay Shankar,14000000.0,Allrounder,Retained,GT,1.4,-32.0673155569251,crore,-0.6235311358290992,-0.4598356296748123,-0.3284540211962945
Rishi Dhawan,2024,0.0,0.0,18.0,-17.874303979056492,18.0,-17.874303979056492,Rishi Dhawan,5500000.0,Allrounder,Retained,PBKS,0.55,-32.49873450737544,crore,-0.9930168877253607,-0.8293213815710737,-1.507857057401952
Kartik Tyagi,2024,0.0,0.0,24.0,-21.12891962251853,24.0,-21.12891962251853,Kartik Tyagi,6000000.0,Bowler,Sold,GT,0.6,-35.21486603753089,crore,-0.8803716509382721,-1.0496934664402704,-1.749489110733784
Sikandar Raza,2023,85.0,-6.052819329708503,55.0,-11.824574042563007,140.0,-17.87739337227151,Sikandar Raza,5000000.0,Allrounder,Sold,PBKS,0.5,-35.75478674454302,crore,-0.1276956669447965,0.03599983920949046,0.07199967841898092
Mahipal Lomror,2023,97.0,-34.14401125307221,12.0,0.09213638891122145,109.0,-34.051874864160986,Mahipal Lomror,9500000.0,Allrounder,Retained,RCB,0.95,-35.84407880437999,crore,-0.31240252168955035,-0.1487070155352634,-0.15653370056343516
Azmatullah Omarzai,2024,33.0,-23.315562504621013,126.0,4.632268433599123,159.0,-18.68329407102189,Azmatullah Omarzai,5000000.0,Allrounder,Sold,GT,0.5,-37.36658814204378,crore,-0.11750499415737038,0.04619051199691658,0.09238102399383316
Atharva Taide,2024,39.0,-5.723075802011991,1.0,-2.0413575901557834,40.0,-7.764433392167774,Atharva Taide,2000000.0,Allrounder,Retained,PBKS,0.2,-38.82216696083887,crore,-0.19411083480419436,-0.030415328649907397,-0.15207664324953699
Shahbaz Ahmed,2023,39.0,-49.463287678127486,42.0,-44.402933917654394,81.0,-93.86622159578188,Shahbaz Ahmed,24000000.0,Allrounder,Retained,RCB,2.4,-39.11092566490912,crore,-1.1588422419232332,-0.9951467357689462,-0.41464447323706094
Jaydev Unadkat,2023,7.0,-1.7603785137952053,48.0,-18.065143523548382,55.0,-19.82552203734359,Jaydev Unadkat,5000000.0,Bowler,Sold,LSG,0.5,-39.65104407468718,crore,-0.3604640370426107,-0.5297858525446091,-1.0595717050892182
Harpreet Singh,2024,34.0,-15.972919376292094,0.0,0.0,34.0,-15.972919376292094,Harpreet Singh Bhatia,4000000.0,Batter,Retained,PBKS,0.4,-39.93229844073023,crore,-0.46979174636153215,-0.3060962402072452,-0.7652406005181129
Aiden Markram,2024,177.0,-104.33033178221831,13.0,-2.9127216803528597,190.0,-107.24305346257117,Aiden Markram,26000000.0,Batter,Retained,SRH,2.6,-41.24732825483506,crore,-0.5644371234872166,-0.4007416173329297,-0.154131391281896
Himanshu Sharma,2023,0.0,0.0,18.0,-8.317170143629042,18.0,-8.317170143629042,Himanshu Sharma,2000000.0,Bowler,Sold,RCB,0.2,-41.58585071814521,crore,-0.4620650079793912,-0.6313868234813896,-3.156934117406948
Mandeep Singh,2023,12.0,-21.55758359706273,0.0,0.0,12.0,-21.55758359706273,Mandeep Singh,5000000.0,Batter,Sold,KKR,0.5,-43.11516719412546,crore,-1.7964652997552275,-1.6327697936009407,-3.2655395872018813
Suyash Prabhudessai,2023,29.0,-13.770469729801837,0.0,0.0,29.0,-13.770469729801837,Suyash Prabhudessai,3000000.0,Batter,Retained,RCB,0.3,-45.90156576600612,crore,-0.47484378378627023,-0.31114827763198327,-1.0371609254399443
Wriddhiman Saha,2024,115.0,-88.54121632233344,0.0,0.0,115.0,-88.54121632233344,Wriddhiman Saha,19000000.0,WK-Batter,Retained,GT,1.9,-46.60064016964918,crore,-0.7699236201942038,-0.6062281140399168,-0.3190674284420615
Akash Madhwal,2024,5.0,-3.102404686079849,111.0,-6.423532168772365,116.0,-9.525936854852214,Akash Madhwal,2000000.0,Bowler,Retained,MI,0.2,-47.629684274261066,crore,-0.08212014530045011,-0.2514419608024485,-1.2572098040122426
Bhanuka Rajapaksa,2023,30.0,-25.070584590991935,0.0,0.0,30.0,-25.070584590991935,Bhanuka Rajapaksa,5000000.0,Batter,Retained,PBKS,0.5,-50.14116918198387,crore,-0.8356861530330645,-0.6719906468787775,-1.343981293757555
Jitesh Sharma,2023,187.0,-10.265376449424114,0.0,0.0,187.0,-10.265376449424114,Jitesh Sharma,2000000.0,WK-Batter,Retained,PBKS,0.2,-51.326882247120565,crore,-0.054895061226866916,0.10880044492742005,0.5440022246371002
Yash Thakur,2024,0.0,0.0,214.0,-23.23632509757723,214.0,-23.23632509757723,Yash Thakur,4500000.0,Bowler,Retained,LSG,0.45,-51.636277994616066,crore,-0.1085809583998936,-0.277902773901892,-0.6175617197819822
Sanvir Singh,2024,12.0,-10.96995934239274,0.0,0.0,12.0,-10.96995934239274,Sanvir Singh,2000000.0,Allrounder,Retained,SRH,0.2,-54.84979671196369,crore,-0.9141632785327283,-0.7504677723784413,-3.7523388618922064
Nehal Wadhera,2024,81.0,-12.395655747208963,12.0,1.33510505929884,93.0,-11.060550687910123,Nehal Wadhera,2000000.0,Batter,Retained,MI,0.2,-55.302753439550614,crore,-0.11893065255817337,0.044764853596113596,0.22382426798056798
Manan Vohra,2023,11.0,-11.124579069733443,0.0,0.0,11.0,-11.124579069733443,Manan Vohra,2000000.0,Batter,Retained,LSG,0.2,-55.622895348667214,crore,-1.0113253699757676,-0.8476298638214806,-4.238149319107403
Shai Hope,2024,122.0,-42.94945496508504,0.0,0.0,122.0,-42.94945496508504,Shai Hope,7500000.0,WK-Batter,Sold,DC,0.75,-57.26593995344672,crore,-0.35204471282856586,-0.1883492066742789,-0.2511322755657052
Karn Sharma,2024,15.0,9.611464823781679,144.0,-38.9545654100594,159.0,-29.34310058627772,Karn Sharma,5000000.0,Bowler,Retained,RCB,0.5,-58.68620117255544,crore,-0.18454780242941962,-0.353869617931418,-0.707739235862836
Mohit Rathee,2023,2.0,-1.2993658942811628,12.0,-10.510598653061734,14.0,-11.809964547342897,Mohit Rathee,2000000.0,Allrounder,Sold,PBKS,0.2,-59.04982273671448,crore,-0.8435688962387784,-0.6798733900844914,-3.399366950422457
Sai Sudharsan,2023,209.0,-11.9872890865471,0.0,0.0,209.0,-11.9872890865471,Sai Sudharsan,2000000.0,Batter,Retained,GT,0.2,-59.9364454327355,crore,-0.05735545017486651,0.10634005597942045,0.5317002798971022
Duan Jansen,2023,0.0,0.0,24.0,-12.48321411207224,24.0,-12.48321411207224,Duan Jansen,2000000.0,Allrounder,Sold,MI,0.2,-62.4160705603612,crore,-0.5201339213363433,-0.3564384151820563,-1.7821920759102816
Kulwant Khejroliya,2023,0.0,0.0,28.0,-12.500871254517444,28.0,-12.500871254517444,Kulwant Khejroliya,2000000.0,Bowler,Sold,KKR,0.2,-62.504356272587216,crore,-0.44645968766133726,-0.6157815031633357,-3.0789075158166783
Nitish Kumar Reddy,2023,0.0,0.0,31.0,-12.521745940642418,31.0,-12.521745940642418,Nitish Reddy,2000000.0,WK-Batter,Sold,SRH,0.2,-62.60872970321209,crore,-0.40392728840781994,-0.24023178225353298,-1.2011589112676648
Himanshu Sharma,2024,0.0,0.0,12.0,-12.550437089421322,12.0,-12.550437089421322,Himanshu Sharma,2000000.0,Bowler,Retained,RCB,0.2,-62.75218544710661,crore,-1.0458697574517768,-1.2151915729537752,-6.075957864768876
Tristan Stubbs,2023,31.0,-19.635520482950838,12.0,6.812941001757686,43.0,-12.822579481193152,Tristan Stubbs,2000000.0,WK-Batter,Retained,MI,0.2,-64.11289740596575,crore,-0.2981995228184454,-0.13450401666415845,-0.6725200833207923
Ripal Patel,2023,43.0,-13.185091053627854,0.0,0.0,43.0,-13.185091053627854,Ripal Patel,2000000.0,Allrounder,Retained,DC,0.2,-65.92545526813926,crore,-0.30663002450297333,-0.14293451834868637,-0.7146725917434318
Manav Suthar,2024,2.0,-2.5513601420744125,12.0,-11.109749848464531,14.0,-13.661109990538943,Manav Suthar,2000000.0,Bowler,Sold,GT,0.2,-68.3055499526947,crore,-0.9757935707527816,-1.14511538625478,-5.7255769312739
Sanvir Singh,2023,9.0,-13.741621820731492,0.0,0.0,9.0,-13.741621820731492,Sanvir Singh,2000000.0,Allrounder,Sold,SRH,0.2,-68.70810910365745,crore,-1.5268468689701657,-1.363151362815879,-6.8157568140793945
Wriddhiman Saha,2023,248.0,-131.49139161279282,0.0,0.0,248.0,-131.49139161279282,Wriddhiman Saha,19000000.0,WK-Batter,Retained,GT,1.9,-69.20599558568044,crore,-0.5302072242451323,-0.3665117180908454,-0.19290090425833967
Lalit Yadav,2024,12.0,-22.652308814153212,18.0,-25.0066081681789,30.0,-47.658916982332116,Lalit Yadav,6500000.0,Allrounder,Retained,DC,0.65,-73.32141074204941,crore,-1.5886305660777371,-1.4249350599234503,-2.1922077844976156
Romario Shepherd,2024,21.0,0.34519665845570957,72.0,-37.55493673225494,93.0,-37.209740073799225,Romario Shepherd,5000000.0,Allrounder,Traded,MI,0.5,-74.41948014759845,crore,-0.4001047319763357,-0.23640922582204876,-0.4728184516440975
Darshan Nalkande,2023,1.0,-3.3118684037271855,25.0,-11.60811990046264,26.0,-14.919988304189825,Darshan Nalkande,2000000.0,Bowler,Retained,GT,0.2,-74.59994152094912,crore,-0.573845704007301,-0.7431675195092994,-3.715837597546497
Yash Dhull,2023,23.0,-37.987319072528166,0.0,0.0,23.0,-37.987319072528166,Yash Dhull,5000000.0,Batter,Retained,DC,0.5,-75.97463814505633,crore,-1.65162256837079,-1.487927062216503,-2.975854124433006
Murugan Ashwin,2023,0.0,0.0,25.0,-15.40508174772513,25.0,-15.40508174772513,Murugan Ashwin,2000000.0,Bowler,Sold,RR,0.2,-77.02540873862564,crore,-0.6162032699090052,-0.7855250854110036,-3.927625427055018
Rinku Singh,2024,101.0,-42.88724710393905,0.0,0.0,101.0,-42.88724710393905,Rinku Singh,5500000.0,Batter,Retained,KKR,0.55,-77.97681291625281,crore,-0.4246262089498916,-0.26093070279560465,-0.47441945962837206
KM Asif,2023,2.0,-20.130864557929286,85.0,-3.6347607875628354,87.0,-23.765625345492122,KM Asif,3000000.0,Bowler,Sold,RR,0.3,-79.2187511516404,crore,-0.2731681074194497,-0.44248992292144806,-1.4749664097381603
Dhruv Jurel,2023,88.0,-17.166611750840627,0.0,0.0,88.0,-17.166611750840627,Dhruv Jurel,2000000.0,WK-Batter,Retained,RR,0.2,-85.83305875420312,crore,-0.19507513353227984,-0.03137962737799288,-0.1568981368899644
Narayan Jagadeesan,2023,81.0,-77.65355888124516,0.0,0.0,81.0,-77.65355888124516,N Jagadeesan,9000000.0,WK-Batter,Sold,KKR,0.9,-86.2817320902724,crore,-0.9586859121141378,-0.7949904059598508,-0.8833226732887232
Prabhsimran Singh,2024,213.0,-53.77466298860993,0.0,0.0,213.0,-53.77466298860993,Prabhsimran Singh,6000000.0,WK-Batter,Retained,PBKS,0.6,-89.62443831434989,crore,-0.25246320651929544,-0.08876770036500847,-0.14794616727501414
Suyash Sharma,2024,0.0,0.0,24.0,-18.48682641763429,24.0,-18.48682641763429,Suyash Sharma,2000000.0,Bowler,Retained,KKR,0.2,-92.43413208817145,crore,-0.7702844340680954,-0.9396062495700939,-4.698031247850469
Devon Conway,2023,456.0,-93.11001270255363,0.0,0.0,456.0,-93.11001270255363,Devon Conway,10000000.0,Batter,Retained,CSK,1.0,-93.11001270255363,crore,-0.20418862434770532,-0.04049311819341836,-0.04049311819341836
Noor Ahmad,2024,9.0,-34.280180412343405,209.0,6.27574915188179,218.0,-28.004431260461615,Noor Ahmad,3000000.0,Bowler,Retained,GT,0.3,-93.34810420153872,crore,-0.12846069385532852,-0.2977825093573269,-0.9926083645244231
Tom Kohler-Cadmore,2024,54.0,-37.88174845226392,0.0,0.0,54.0,-37.88174845226392,Tom Kohler-Cadmore,4000000.0,WK-Batter,Sold,RR,0.4,-94.7043711306598,crore,-0.7015138602271096,-0.5378183540728226,-1.3445458851820564
Vishnu Vinod,2023,31.0,-19.034716603753502,0.0,0.0,31.0,-19.034716603753502,Vishnu Vinod,2000000.0,WK-Batter,Sold,MI,0.2,-95.1735830187675,crore,-0.614023116250113,-0.450327610095826,-2.25163805047913
Akash Deep,2024,2.0,-0.6713997239644414,21.0,-18.471054327341704,23.0,-19.142454051306146,Akash Deep,2000000.0,Allrounder,Retained,RCB,0.2,-95.71227025653073,crore,-0.8322806109263542,-0.6685851047720672,-3.342925523860336
Mukesh Choudhary,2024,0.0,0.0,7.0,-20.038816008822323,7.0,-20.038816008822323,Mukesh Choudhary,2000000.0,Bowler,Retained,CSK,0.2,-100.19408004411162,crore,-2.8626880012603317,-3.03200981676233,-15.16004908381165
Rahmanullah Gurbaz,2023,154.0,-53.232117966256446,0.0,0.0,154.0,-53.232117966256446,Rahmanullah Gurbaz,5000000.0,WK-Batter,Traded,KKR,0.5,-106.46423593251289,crore,-0.34566310367698994,-0.18196759752270297,-0.36393519504540595
Prabhsimran Singh,2023,226.0,-76.4832171614834,0.0,0.0,226.0,-76.4832171614834,Prabhsimran Singh,6000000.0,WK-Batter,Retained,PBKS,0.6,-127.47202860247234,crore,-0.3384213148738203,-0.17472580871953336,-0.2912096811992223
Prerak Mankad,2023,72.0,-26.378680647539515,0.0,0.0,72.0,-26.378680647539515,Prerak Mankad,2000000.0,Allrounder,Sold,LSG,0.2,-131.89340323769756,crore,-0.36637056454915995,-0.202675058394873,-1.0133752919743648
Ricky Bhui,2024,9.0,-26.67488332911811,0.0,0.0,9.0,-26.67488332911811,Ricky Bhui,2000000.0,WK-Batter,Sold,DC,0.2,-133.37441664559054,crore,-2.9638759254575677,-2.8001804193032807,-14.000902096516402
Saurav Chauhan,2024,15.0,-26.788674928219862,0.0,0.0,15.0,-26.788674928219862,Saurav Chauhan,2000000.0,Batter,Sold,RCB,0.2,-133.9433746410993,crore,-1.7859116618813242,-1.6222161557270374,-8.111080778635186
Kyle Mayers,2023,263.0,-66.40845061314619,44.0,-1.0011446995572157,307.0,-67.4095953127034,Kyle Mayers,5000000.0,Allrounder,Retained,LSG,0.5,-134.8191906254068,crore,-0.21957522903160717,-0.05587972287732021,-0.11175944575464042
Anmolpreet Singh,2023,82.0,-27.35484300351753,0.0,0.0,82.0,-27.35484300351753,Anmolpreet Singh,2000000.0,Batter,Sold,SRH,0.2,-136.77421501758764,crore,-0.3335956463843601,-0.16990014023007316,-0.8495007011503658
Anmolpreet Singh,2024,6.0,-27.469851072289003,0.0,0.0,6.0,-27.469851072289003,Anmolpreet Singh,2000000.0,Batter,Retained,SRH,0.2,-137.34925536144502,crore,-4.578308512048167,-4.41461300589388,-22.0730650294694
Anshul Kamboj,2024,0.0,0.0,44.0,-28.202119235663957,44.0,-28.202119235663957,Anshul Kamboj,2000000.0,Allrounder,Sold,MI,0.2,-141.0105961783198,crore,-0.640957255355999,-0.47726174920171205,-2.38630874600856
Akash Deep,2023,8.0,-8.377679183804574,32.0,-20.76340326828738,40.0,-29.141082452091954,Akash Deep,2000000.0,Bowler,Retained,RCB,0.2,-145.70541226045975,crore,-0.7285270613022988,-0.8978488768042973,-4.489244384021486
Arshin Kulkarni,2024,8.0,-30.325922473651275,0.0,0.0,8.0,-30.325922473651275,Arshin Kulkarni,2000000.0,Allrounder,Sold,LSG,0.2,-151.62961236825637,crore,-3.7907403092064094,-3.6270448030521223,-18.13522401526061
Karan Sharma,2023,21.0,-30.418587272385793,0.0,0.0,21.0,-30.418587272385793,Karan Sharma,2000000.0,Allrounder,Retained,LSG,0.2,-152.09293636192896,crore,-1.4485041558278948,-1.2848086496736077,-6.424043248368038
Sai Sudharsan,2024,373.0,-31.801659571304,0.0,0.0,373.0,-31.801659571304,Sai Sudharsan,2000000.0,Batter,Retained,GT,0.2,-159.00829785652,crore,-0.08525914094183377,0.07843636521245319,0.3921818260622659
Hrithik Shokeen,2023,17.0,-1.2359769960947287,116.0,-30.85471266698943,133.0,-32.090689663084156,Hrithik Shokeen,2000000.0,Allrounder,Retained,MI,0.2,-160.45344831542076,crore,-0.24128338092544477,-0.0775878747711578,-0.387939373855789
Ayush Badoni,2023,173.0,-38.478010978852915,1.0,1.4646019544746878,174.0,-37.01340902437823,Ayush Badoni,2000000.0,Allrounder,Retained,LSG,0.2,-185.0670451218911,crore,-0.21272074151941509,-0.04902523536512812,-0.2451261768256406
Mohsin Khan,2023,7.0,-23.435957188051717,60.0,-14.729652569938922,67.0,-38.16560975799064,Mohsin Khan,2000000.0,Bowler,Retained,LSG,0.2,-190.8280487899532,crore,-0.5696359665371737,-0.7389577820391722,-3.694788910195861
Ajinkya Rahane,2024,196.0,-96.73108590498433,0.0,0.0,196.0,-96.73108590498433,Ajinkya Rahane,5000000.0,Batter,Retained,CSK,0.5,-193.46217180996865,crore,-0.493525948494818,-0.32983044234053105,-0.6596608846810621
Sarfaraz Khan,2023,62.0,-39.06172222987447,0.0,0.0,62.0,-39.06172222987447,Sarfaraz Khan,2000000.0,Batter,Retained,DC,0.2,-195.30861114937233,crore,-0.6300277779012011,-0.46633227174691416,-2.3316613587345705
Nitish Kumar Reddy,2024,212.0,-31.308626023128483,80.0,-8.145614711112385,292.0,-39.45424073424087,Nitish Reddy,2000000.0,Allrounder,Retained,SRH,0.2,-197.27120367120435,crore,-0.13511726278849612,0.028578243365790845,0.14289121682895423
Atharva Taide,2023,129.0,-44.21080885259693,0.0,0.0,129.0,-44.21080885259693,Atharva Taide,2000000.0,Allrounder,Retained,PBKS,0.2,-221.05404426298463,crore,-0.3427194484697436,-0.17902394231545665,-0.8951197115772832
Abishek Porel,2024,205.0,-45.7354143540758,0.0,0.0,205.0,-45.7354143540758,Abishek Porel,2000000.0,WK-Batter,Retained,DC,0.2,-228.677071770379,crore,-0.2230995822150039,-0.05940407606071693,-0.29702038030358463
Dhruv Jurel,2024,141.0,-46.237975514192975,0.0,0.0,141.0,-46.237975514192975,Dhruv Jurel,2000000.0,WK-Batter,Retained,RR,0.2,-231.18987757096485,crore,-0.32792890435597855,-0.16423339820169158,-0.8211669910084579
Angkrish Raghuvanshi,2024,105.0,-47.355653042148546,0.0,0.0,105.0,-47.355653042148546,Angkrish Raghuvanshi,2000000.0,Batter,Sold,KKR,0.2,-236.77826521074272,crore,-0.4510062194490338,-0.28731071329474683,-1.4365535664737341
Ayush Badoni,2024,171.0,-44.17504384115871,12.0,-6.638028728265503,183.0,-50.813072569424214,Ayush Badoni,2000000.0,Batter,Retained,LSG,0.2,-254.06536284712107,crore,-0.27766706322089735,-0.11397155706661038,-0.5698577853330519
Naman Dhir,2024,73.0,-30.24797458152813,28.0,-31.397619835188607,101.0,-61.64559441671673,Naman Dhir,2000000.0,Allrounder,Sold,MI,0.2,-308.22797208358367,crore,-0.6103524199674925,-0.4466569138132055,-2.2332845690660275
Jitesh Sharma,2024,142.0,-68.54040078330485,0.0,0.0,142.0,-68.54040078330485,Jitesh Sharma,2000000.0,WK-Batter,Retained,PBKS,0.2,-342.70200391652423,crore,-0.48267887875566795,-0.318983372601381,-1.5949168630069048
