,lambda
1359475,1.0
1359477,1.0192755481015838
1359478,1.05973544376684
1359479,1.0
1359480,1.1161648492474252
1359481,1.0
1359482,1.035476207461274
1359483,1.0637740744691246
1359484,1.0
1359485,1.043567679220592
1359486,1.0
1359487,1.0637740744691246
1359488,1.0
1359489,1.09603823805475
1359490,1.0
1359491,1.0
1359492,1.0
1359493,1.1603477672653688
1359494,1.0
1359495,1.0
1359496,1.0
1359497,1.0
1359498,1.1523238159650078
1359499,1.01522180734945
1359500,1.0
1359501,1.0
1359502,1.0
1359503,1.0
1359504,1.0
1359505,1.1040923072367725
1359506,1.0030517369693177
1359507,1.18840098938358
1359508,1.0
1359509,1.075882347552535
1359510,1.0476116300682587
1359511,1.0556955192298978
1359512,1.2762882830584765
1359513,1.0
1359514,1.035476207461274
1359515,1.0476116300682587
1359516,1.09603823805475
1359517,1.0
1359518,1.0
1359519,1.0
1359520,1.1040923072367725
1359521,1.0
1359522,1.0
1359523,1.0
1359524,1.0
1359525,1.1563362908326718
1359526,1.1040923072367725
1359527,1.0
1359528,1.043567679220592
1359529,1.0
1359530,1.0
1359531,1.1201867955268403
1359532,1.0
1359533,1.0
1359534,1.0
1359535,1.0
1359536,1.0
1359537,1.0
1359538,1.1000658517026416
1359539,1.0
1359540,1.0
1359541,1.140280296136066
1359542,1.0
1359543,1.0476116300682587
1359544,1.035476207461274
1370350,1.0
1370351,1.0
1370352,1.1803905266468766
1422119,1.0
1422120,1.0
1422121,1.0799159458245255
1422122,1.0192755481015838
1422123,1.0
1422124,1.0
1422125,1.0718475121804134
1422126,1.3558702527347988
1422127,1.0
1422128,1.0
1422129,1.043567679220592
1422130,1.0
1422131,1.0111666032383584
1422132,1.0
1422133,1.0
1422134,1.3359998278912402
1422135,1.043567679220592
1422136,1.0
1422137,1.0
1422138,1.1843962228041915
1422139,1.0
1426260,1.0
1426261,1.0
1426262,1.0314281557783473
1426263,1.0314281557783473
1426264,1.0
1426265,1.0
1426266,1.0
1426267,1.0718475121804134
1426268,1.3955652627266997
1426269,1.140280296136066
1426270,1.0
1426271,1.01522180734945
1426272,1.0
1426273,1.3121338615619207
1426274,1.1362637221750007
1426275,1.0
1426276,1.0
1426277,1.0879794854970062
1426278,1.1442958292247443
1426279,1.0718475121804134
1426280,1.2922267935609295
1426281,1.2762882830584765
1426282,1.0314281557783473
1426283,1.0476116300682587
1426284,1.09603823805475
1426285,1.0
1426286,1.0
1426287,1.0
1426288,1.0516542443729209
1426289,1.0
1426290,1.0
1426291,1.0
1426292,1.18840098938358
1426293,1.0
1426294,1.1322460963555083
1426295,1.0
1426296,1.2124105806564678
1426297,1.172376307712597
1426299,1.0
1426300,1.0
1426302,1.0799159458245255
1426303,1.0
1426305,1.1040923072367725
1426306,1.1201867955268403
1426307,1.1040923072367725
1426309,1.0
1426310,1.0
1426311,1.0
1426312,1.0
