shot,marginal_impact,balls
STRAIGHT_DRIVE,1.0458899071147123,821
LATE_CUT,1.005777997178314,69
PADDLE_SWEEP,0.6735943736060659,72
REVERSE_SCOOP,0.6174840854607111,39
LEG_GLANCE,0.6106692268606757,313
SLOG_SWEEP,0.477904654134864,548
PULL,0.40514739709336617,3790
SWEEP_SHOT,0.31631023780157264,607
HOOK,0.15726716953914718,185
SQUARE_DRIVE,0.14255748901892956,1034
COVER_DRIVE,0.10123204823783566,3947
RAMP,0.09270129747259342,103
UPPER_CUT,0.07523778610186448,182
STEERED,0.030595899543449715,954
FLICK,0.0,5113
ON_DRIVE,-0.04431828893241563,5087
CUT_SHOT,-0.07209063107601184,2969
REVERSE_SWEEP,-0.1525318066651041,286
SLOG_SHOT,-0.2753410477480309,1671
DAB,-0.393666733840515,466
PUSH,-0.5320999318306493,2031
LEFT_ALONE,-0.7836347598766022,537
DEFENDED,-1.1213332676386916,1917
