shot,marginal_impact_2023,balls_2023,marginal_impact_2024,balls_2024,change,reference_shot
RAMP,-0.5221496723469669,45.0,0.555413700548974,58,1.0775633728959408,FLICK
SLOG_SWEEP,-0.006232007483093938,286.0,1.0108021407712735,262,1.0170341482543674,FLICK
SWEEP_SHOT,0.09779156604651243,337.0,0.5823108198867298,270,0.48451925384021743,FLICK
UPPER_CUT,-0.21737881235997686,53.0,0.16307008735183398,129,0.38044889971181084,FLICK
LEG_GLANCE,0.4865787093926636,194.0,0.8178168234956671,119,0.33123811410300347,FLICK
HOOK,-0.04417936656742128,53.0,0.1999636445986594,132,0.24414301116608067,FLICK
STRAIGHT_DRIVE,0.9768239498085325,438.0,1.1321642051434482,383,0.1553402553349157,FLICK
STEERED,-0.0024152908839855753,470.0,0.04978823787825489,484,0.052203528762240464,FLICK
PUSH,-0.5447949245123345,1089.0,-0.5120643240952578,942,0.03273060041707665,FLICK
LEFT_ALONE,-0.8115635594635886,255.0,-0.7807942989733556,282,0.030769260490232986,FLICK
DEFENDED,-1.1346974081175145,1011.0,-1.108122373896103,906,0.026575034221411498,FLICK
FLICK,0.0,2553.0,0.0,2560,0.0,FLICK
SLOG_SHOT,-0.2628290378985088,983.0,-0.2798920105217615,688,-0.01706297262325268,FLICK
SQUARE_DRIVE,0.15192728744243422,427.0,0.1309715530894451,607,-0.020955734352989114,FLICK
ON_DRIVE,-0.03190815579059836,2572.0,-0.054347862795426694,2515,-0.022439707004828335,FLICK
REVERSE_SWEEP,-0.13728424004746229,175.0,-0.17523437176978787,111,-0.037950131722325586,FLICK
DAB,-0.3580000550554511,250.0,-0.4419489248602416,216,-0.0839488698047905,FLICK
COVER_DRIVE,0.16185093313420168,2019.0,0.03912810327908224,1928,-0.12272282985511944,FLICK
CUT_SHOT,0.023913713617023224,1579.0,-0.19391298980503394,1390,-0.21782670342205715,FLICK
PULL,0.5800309190757855,1793.0,0.21520238582933943,1997,-0.3648285332464461,FLICK
PADDLE_SWEEP,0.9105556139989217,44.0,0.2984903406078959,28,-0.6120652733910258,FLICK
LATE_CUT,,,1.1959725353884012,52,,FLICK
REVERSE_SCOOP,,,0.9186953961248088,20,,FLICK
