year,bowl_speed_category,balls,bowl_impact,bowl_RAA,bowl_WAA,label,bowl_impact_vs_mean_per_ball
2023,1.0,1727,0.2755649917064255,0.10193926265653423,-0.0026875660468004114,>140 kph,0.10624317620442711
2023,2.0,4543,0.29498789579756757,0.07091569983232905,0.005605197312477223,130-140,0.12566608029556917
2023,3.0,1808,0.1422254765418732,0.06597756893890112,-0.006527439410903336,120-130,-0.0270963389601252
2023,4.0,1012,0.0009435343560751872,-0.04817026838099722,-0.004973720354460597,110-120,-0.1683782811459232
2023,5.0,809,0.2251581820972021,0.07169235940931282,-0.00019773598991829362,100-110,0.05583636659520369
2023,6.0,5344,0.20531055284826225,0.07487512336092744,0.0028886980051435105,85-100,0.035988737346263844
2023,7.0,996,0.16894622659606423,0.03557566120328924,0.01003829825284214,70-85,-0.00037558890593417105
2024,1.0,1658,0.3095116069869086,0.018200459087653373,0.016027287433148223,>140 kph,0.1401897914849102
2024,2.0,5156,0.16573104477610942,-0.08486263298920758,-0.003995053232582043,130-140,-0.003590770725888981
2024,3.0,1985,0.21461004388411759,-0.017991473681682787,0.0004199931255198813,120-130,0.04528822838211918
2024,4.0,1206,0.11120829698051078,-0.0844459953858539,0.002692512170614539,110-120,-0.05811351852148762
2024,5.0,875,0.2382083683277007,0.02139679151428004,-0.0007121744629713247,100-110,0.0688865528257023
2024,6.0,4297,0.09247464952306955,-0.04816877413574611,-0.005140376270717149,85-100,-0.07684716597892885
2024,7.0,498,0.17024648890570596,-0.10581902908765092,0.013327918596213306,70-85,0.0009246734037075544
2024,8.0,32,0.8184116440469493,0.2781791248787912,0.013594404796427007,<70 kph,0.6490898285449509
