length,line,balls,bowl_impact,bowl_RAA,bowl_impact_vs_mean_per_ball
FULL,DOWN_LEG,479,-0.22506340414379325,-0.2829118414689747,-0.39438521964579165
FULL,ON_THE_STUMPS,3001,-0.010218836046946712,-0.23322732174965305,-0.1795406515489451
FULL,OUTSIDE_OFFSTUMP,3551,-0.11178012196756573,-0.304312932960986,-0.28110193746956413
FULL,WIDE_OUTSIDE_OFFSTUMP,699,-0.09195951096252804,-0.3587602950536204,-0.26128132646452645
FULL_TOSS,DOWN_LEG,133,-0.6914910823785411,-0.7051330754021019,-0.8608128978805395
FULL_TOSS,ON_THE_STUMPS,608,-0.1863555591599262,-0.37749261185842387,-0.3556773746619246
FULL_TOSS,OUTSIDE_OFFSTUMP,521,-0.2923828936133573,-0.27321405687228423,-0.46170470911535566
FULL_TOSS,WIDE_OUTSIDE_OFFSTUMP,225,-0.5101108467249834,-0.5677470314923948,-0.6794326622269818
GOOD_LENGTH,DOWN_LEG,685,0.10304221103115198,-0.022334880735237646,-0.06627960447084642
GOOD_LENGTH,ON_THE_STUMPS,5030,0.4414491822813297,0.2613010837781391,0.27212736677933125
GOOD_LENGTH,OUTSIDE_OFFSTUMP,6078,0.4495099381195917,0.23337914747018,0.2801881226175933
GOOD_LENGTH,WIDE_OUTSIDE_OFFSTUMP,374,0.22272210129255704,-0.039918035866640826,0.05340028579055864
SHORT,DOWN_LEG,349,-0.3574169666232108,-0.7103001188861019,-0.5267387821252092
SHORT,ON_THE_STUMPS,701,-0.1271507648650047,-0.3969288720925482,-0.2964725803670031
SHORT,OUTSIDE_OFFSTUMP,1436,-0.12388102786356664,-0.4679080301841548,-0.293202843365565
SHORT,WIDE_OUTSIDE_OFFSTUMP,88,-0.7684298018624273,-0.863587963357461,-0.9377516173644257
SHORT_OF_A_GOOD_LENGTH,DOWN_LEG,549,-0.12379737939379422,-0.03662110014976353,-0.29311919489579263
SHORT_OF_A_GOOD_LENGTH,ON_THE_STUMPS,2515,0.15302460110135452,0.014202996687266932,-0.016297214400643883
SHORT_OF_A_GOOD_LENGTH,OUTSIDE_OFFSTUMP,4511,0.22832659397346827,0.1353977884657054,0.05900477847146987
SHORT_OF_A_GOOD_LENGTH,WIDE_OUTSIDE_OFFSTUMP,221,-0.32214928828980044,-0.27146900778932664,-0.4914711037917988
YORKER,DOWN_LEG,129,0.5896381711080394,0.6327988864064806,0.42031635560604097
YORKER,ON_THE_STUMPS,491,1.2210089968643734,0.7938679751273133,1.051687181362375
YORKER,OUTSIDE_OFFSTUMP,366,0.8819175956150019,0.8041079717942483,0.7125957801130035
YORKER,WIDE_OUTSIDE_OFFSTUMP,180,0.7652045184341961,0.8004134333009749,0.5958827029321977
