year,shot,balls,impact,RAA,impact_vs_mean_per_ball
2023,COVER_DRIVE,2020,0.007617816511826089,0.04427816972013742,0.17131332266611304
2023,CUT_SHOT,1582,-0.20058051212142677,-0.1905370177479951,-0.03688500596713981
2023,DAB,250,-0.6235294663299906,-0.7209644486296874,-0.45983396017570366
2023,DEFENDED,1012,-1.4009684734138312,-1.2281547380483597,-1.2372729672595444
2023,FLICK,2554,-0.19769090570360412,-0.18258948724053273,-0.03399539954931716
2023,HOOK,53,0.015650256609532776,1.108710012728027,0.17934576276381975
2023,LEFT_ALONE,257,-0.9545365839206066,-1.0407867583346144,-0.7908410777663196
2023,LEG_GLANCE,194,0.3146201688435337,0.14778039441991672,0.4783156749978207
2023,ON_DRIVE,2578,-0.18738384602712738,-0.058545904766153456,-0.023688339872840414
2023,PADDLE_SWEEP,44,0.8431363403727009,0.6005698031238121,1.0068318465269879
2023,PULL,1803,0.46748816507361446,0.6628879029392677,0.6311836712279014
2023,PUSH,1090,-0.8063504551909799,-0.8689611900092287,-0.642654949036693
2023,RAMP,46,-0.5168669547104443,0.17352125930702703,-0.35317144855615734
2023,REVERSE_SWEEP,175,-0.32522828893122013,0.0471303139236532,-0.16153278277693317
2023,SLOG_SHOT,986,-0.40075962110063257,0.322448068310762,-0.2370641149463456
2023,SLOG_SWEEP,286,-0.15683573644463275,0.9056337435234457,0.006859769709654212
2023,SQUARE_DRIVE,428,-0.026280284328384904,0.09648760747339817,0.13741522182590205
2023,STEERED,471,-0.2683977369057064,-0.32204839623494297,-0.10470223075141943
2023,STRAIGHT_DRIVE,439,0.8424163423185198,1.0443618226198292,1.0061118484728069
2023,SWEEP_SHOT,337,-0.0486072375536629,0.3820881367845587,0.11508826860062407
2023,UPPER_CUT,53,-0.22168378611355172,0.5037149758758834,-0.057988279959264755
2024,COVER_DRIVE,1930,-0.0567239158036009,0.12557432810209385,0.10697159035068607
2024,CUT_SHOT,1391,-0.3078169012092036,-0.17213977368113248,-0.1441213950549166
2024,DAB,216,-0.6133145989146617,-0.6742488836726822,-0.4496190927603747
2024,DEFENDED,907,-1.333687662599273,-1.1515319598710505,-1.169992156444986
2024,FLICK,2561,-0.16514149764358543,-0.052202635567170405,-0.0014459914892984704
2024,HOOK,132,0.24237569369900505,0.700879226434512,0.406071199853292
2024,LATE_CUT,52,0.9250220833415496,0.7238376945326152,1.0887175894958365
2024,LEFT_ALONE,285,-0.8401495759432125,-1.0920600080098137,-0.6764540697889255
2024,LEG_GLANCE,119,0.7325637675617136,0.6462544268477309,0.8962592737160006
2024,ON_DRIVE,2515,-0.14640694706369067,0.04546266168023148,0.01728855909059629
2024,PADDLE_SWEEP,28,0.1851221317286537,0.47451762709617906,0.3488176378829406
2024,PULL,2005,0.19442185722814143,0.5708194103168976,0.3581173633824284
2024,PUSH,942,-0.7454436063159708,-0.8129551309271187,-0.5817481001616839
2024,RAMP,59,0.48918017801306474,0.8963262121293839,0.6528756841673518
2024,REVERSE_SWEEP,111,-0.31769751026275367,0.39456670960347673,-0.1540020041084667
2024,SLOG_SHOT,689,-0.4151618732778945,0.5932873617687486,-0.25146636712360754
2024,SLOG_SWEEP,262,0.9267661506861216,1.647625405229234,1.0904616568404086
2024,SQUARE_DRIVE,608,-0.029341740844909155,0.12565952030026786,0.13435376530937782
2024,STEERED,484,-0.1775052591003831,-0.2935579392339536,-0.013809752946096127
2024,STRAIGHT_DRIVE,383,1.0726215005619522,1.414369675193619,1.2363170067162392
2024,SWEEP_SHOT,270,0.48627737024036216,0.6315517402361646,0.6499728763946491
2024,UPPER_CUT,129,0.16936924264317005,0.8227291628780999,0.333064748797457
