year,length,line,balls,bowl_impact,bowl_RAA,bowl_impact_vs_mean_per_ball
2023,FULL,DOWN_LEG,272,-0.1843381975546647,-0.24080868168625483,-0.3536600130566631
2023,FULL,ON_THE_STUMPS,1487,0.03766512127057296,-0.1736647041983683,-0.13165669423142545
2023,FULL,OUTSIDE_OFFSTUMP,1737,-0.031821381306536695,-0.1722730228171699,-0.2011431968085351
2023,FULL,WIDE_OUTSIDE_OFFSTUMP,342,-0.06016816382674767,-0.3155263779058606,-0.22948997932874607
2023,FULL_TOSS,DOWN_LEG,67,-0.221446163983915,-0.3502098560042804,-0.3907679794859134
2023,FULL_TOSS,ON_THE_STUMPS,287,-0.23683106369823897,-0.3877245528146878,-0.40615287920023735
2023,FULL_TOSS,OUTSIDE_OFFSTUMP,250,-0.32725312712665694,-0.21598989247047887,-0.4965749426286553
2023,FULL_TOSS,WIDE_OUTSIDE_OFFSTUMP,117,-0.47605361352277176,-0.5081045584099287,-0.6453754290247702
2023,GOOD_LENGTH,DOWN_LEG,379,0.17222292563102812,0.09468498131201644,0.002901110129029716
2023,GOOD_LENGTH,ON_THE_STUMPS,2717,0.397530483511986,0.26529431481737303,0.2282086680099876
2023,GOOD_LENGTH,OUTSIDE_OFFSTUMP,3109,0.46950437403379397,0.2792135907181589,0.30018255853179554
2023,GOOD_LENGTH,WIDE_OUTSIDE_OFFSTUMP,192,0.06395075604990108,-0.16865128319871248,-0.10537105945209732
2023,SHORT,DOWN_LEG,117,-0.8542366064786325,-1.088797329928234,-1.0235584219806309
2023,SHORT,ON_THE_STUMPS,317,-0.2249705645506467,-0.48999802172808143,-0.3942923800526451
2023,SHORT,OUTSIDE_OFFSTUMP,542,-0.22228147561660364,-0.5481381067524709,-0.39160329111860204
2023,SHORT,WIDE_OUTSIDE_OFFSTUMP,32,-0.9372838620730995,-0.877739462735144,-1.1066056775750979
2023,SHORT_OF_A_GOOD_LENGTH,DOWN_LEG,302,-0.05910655411354617,0.0915827962568232,-0.22842836961554458
2023,SHORT_OF_A_GOOD_LENGTH,ON_THE_STUMPS,1395,0.22911397883538326,0.1274527491337296,0.05979216333338486
2023,SHORT_OF_A_GOOD_LENGTH,OUTSIDE_OFFSTUMP,2413,0.23220364436631005,0.1518159145316743,0.06288182886431165
2023,SHORT_OF_A_GOOD_LENGTH,WIDE_OUTSIDE_OFFSTUMP,118,-0.38293240160201514,-0.2731677192205899,-0.5522542171040136
2023,YORKER,DOWN_LEG,71,0.590488971673359,0.724703944656197,0.4211671561713606
2023,YORKER,ON_THE_STUMPS,252,1.0848907556725176,0.7680403877613288,0.9155689401705192
2023,YORKER,OUTSIDE_OFFSTUMP,189,1.1192861076893175,0.8884887861323063,0.949964292187319
2023,YORKER,WIDE_OUTSIDE_OFFSTUMP,65,0.5867675516618314,0.749249948560151,0.41744573615983294
2024,FULL,DOWN_LEG,207,-0.2785767190821651,-0.33823580021728283,-0.4478985345841635
2024,FULL,ON_THE_STUMPS,1514,-0.05724885224982105,-0.29172772617419757,-0.22657066775181944
2024,FULL,OUTSIDE_OFFSTUMP,1814,-0.18834480362589395,-0.43074806191347137,-0.3576666191278923
2024,FULL,WIDE_OUTSIDE_OFFSTUMP,357,-0.1224150872102504,-0.40017766106071806,-0.29173690271224884
2024,FULL_TOSS,DOWN_LEG,66,-1.168657893476116,-1.0654339193362539,-1.3379797089781145
2024,FULL_TOSS,ON_THE_STUMPS,321,-0.1412263697440515,-0.3683444278881817,-0.3105481852460499
2024,FULL_TOSS,OUTSIDE_OFFSTUMP,271,-0.2602147815162174,-0.3260038764311452,-0.4295365970182158
2024,FULL_TOSS,WIDE_OUTSIDE_OFFSTUMP,108,-0.547006182694046,-0.6323597106650666,-0.7163279981960444
2024,GOOD_LENGTH,DOWN_LEG,306,0.01735760046463878,-0.16727124581990857,-0.15196421503735963
2024,GOOD_LENGTH,ON_THE_STUMPS,2313,0.49303893781799496,0.25661037528976965,0.3237171223159966
2024,GOOD_LENGTH,OUTSIDE_OFFSTUMP,2969,0.4285726860962657,0.18538343037419944,0.2592508705942673
2024,GOOD_LENGTH,WIDE_OUTSIDE_OFFSTUMP,182,0.39021714682327097,0.09588846681334684,0.22089533132127256
2024,SHORT,DOWN_LEG,232,-0.10686568273060593,-0.5194200598691646,-0.27618749823260436
2024,SHORT,ON_THE_STUMPS,384,-0.046398482312013795,-0.3200983501277981,-0.2157202978140122
2024,SHORT,OUTSIDE_OFFSTUMP,894,-0.06422438056810126,-0.4192674244794262,-0.23354619607009966
2024,SHORT,WIDE_OUTSIDE_OFFSTUMP,56,-0.6719417674563289,-0.8555013922844993,-0.8412635829583274
2024,SHORT_OF_A_GOOD_LENGTH,DOWN_LEG,247,-0.20289304431134447,-0.1933724228817036,-0.3722148598133429
2024,SHORT_OF_A_GOOD_LENGTH,ON_THE_STUMPS,1120,0.05825256365584546,-0.12685361461881822,-0.11106925184615293
2024,SHORT_OF_A_GOOD_LENGTH,OUTSIDE_OFFSTUMP,2098,0.2238674316293657,0.11651459580737225,0.0545456161273673
2024,SHORT_OF_A_GOOD_LENGTH,WIDE_OUTSIDE_OFFSTUMP,103,-0.25251426527192344,-0.2695229111981707,-0.4218360807739219
2024,YORKER,DOWN_LEG,58,0.5885966738642859,0.5202944185490689,0.4192748583622875
2024,YORKER,ON_THE_STUMPS,239,1.364531159125242,0.8211004103416567,1.1952093436232436
2024,YORKER,OUTSIDE_OFFSTUMP,177,0.6284563030610717,0.7140064242807286,0.45913448755907327
2024,YORKER,WIDE_OUTSIDE_OFFSTUMP,115,0.8660601953055327,0.8293319246762233,0.6967383798035343
