shot,balls,impact,RAA,impact_vs_mean_per_ball
STRAIGHT_DRIVE,822,0.9496773832032335,1.2167620750964248,1.1133728893575205
LATE_CUT,69,0.7449615471465958,0.6514121289929179,0.9086570533008828
PADDLE_SWEEP,72,0.587241925900016,0.5515495124463992,0.750937432054303
REVERSE_SCOOP,39,0.5794739947151472,0.7326023762265398,0.7431695008694341
LEG_GLANCE,313,0.4735188533402219,0.33729608087010804,0.6372143594945089
SLOG_SWEEP,548,0.3612366986434286,1.2603815817842423,0.5249322047977156
PULL,3808,0.3237124436371194,0.6144117139403569,0.48740794979140634
SWEEP_SHOT,607,0.18931507563313568,0.49305217785858435,0.3530105817874226
HOOK,185,0.17742191983012923,0.8177172354807623,0.3411174259844162
UPPER_CUT,182,0.05549116284038845,0.7298294271027292,0.21918666899467543
RAMP,105,0.048435719867527434,0.5796688042262561,0.2121312260218144
COVER_DRIVE,3950,-0.023820042568876213,0.08400009014473891,0.13987546358541075
SQUARE_DRIVE,1036,-0.028076969233835427,0.1136078034181248,0.13561853692045153
ON_DRIVE,5093,-0.1671488370161234,-0.007184910339949232,-0.00345333086183644
FLICK,5115,-0.18139392935136406,-0.1173068426392657,-0.017698423197077096
STEERED,955,-0.22233285810175196,-0.307609253629206,-0.058637351947465
CUT_SHOT,2973,-0.25075401270033615,-0.18192935999589088,-0.08705850654604919
REVERSE_SWEEP,286,-0.3223055042032489,0.18197450944973856,-0.15860999804896192
SLOG_SHOT,1675,-0.4066838908022048,0.4338559926048234,-0.24298838464791783
DAB,466,-0.6187946780001387,-0.6993108820401742,-0.4550991718458517
PUSH,2032,-0.7781150951317976,-0.8429977512024631,-0.6144195889775106
LEFT_ALONE,542,-0.8943884339693937,-1.0677477844553374,-0.7306929278151068
DEFENDED,1919,-1.3691687363586962,-1.1919395948452232,-1.2054732302044093
