bowl,year_from,year_to,value_from,value_to,change,balls_from,balls_to
Shahbaz Ahmed,2023,2024,-1.0572127123251047,-0.05446840897758095,1.0027443033475238,42,166
Liam Livingstone,2023,2024,-0.5596851296197507,0.40616489305573605,0.9658500226754867,42,72
Yash Dayal,2023,2024,-0.5235321788432968,0.29213290613791715,0.8156650849812139,84,304
Abhishek Sharma,2023,2024,-0.23485689626439893,0.37501790900257537,0.6098748052669742,72,42
Mustafizur Rahman,2023,2024,-0.28300954568604597,0.2934464672497445,0.5764560129357905,42,210
Umesh Yadav,2023,2024,-0.32032878105319695,0.23906293387858016,0.5593917149317771,90,126
Glenn Maxwell,2023,2024,-0.004522035605210917,0.5107032329309297,0.5152252685361406,62,96
Jaydev Unadkat,2023,2024,-0.3763571567405913,0.09145880608323698,0.46781596282382826,48,187
Andre Russell,2023,2024,0.058806711969468274,0.5040526131015076,0.4452459011320393,94,158
Mohsin Khan,2023,2024,-0.24549420949898204,0.15916960258831303,0.40466381208729507,60,228
Mukesh Kumar,2023,2024,-0.18336192211156768,0.16459738372969693,0.3479593058412646,187,216
Sandeep Sharma,2023,2024,0.05389985857475829,0.3609566723618452,0.30705681378708694,280,228
Nitish Kumar Reddy,2023,2024,-0.40392728840781994,-0.10182018388890482,0.3021071045189151,31,80
Cameron Green,2023,2024,-0.03776943936590717,0.24744882036588825,0.28521825973179543,229,211
Matheesha Pathirana,2023,2024,0.5308789994250677,0.8042470249676319,0.27336802554256423,256,132
Vaibhav Arora,2023,2024,0.07760331899617873,0.32675447814894415,0.24915115915276542,100,173
T Natarajan,2023,2024,0.10617349842626449,0.3386086434130303,0.23243514498676582,270,308
Harshal Patel,2023,2024,-0.0083499121220713,0.21686827605840595,0.22521818818047726,287,296
Lockie Ferguson,2023,2024,-0.25319483753777666,-0.03208836558674624,0.22110647195103042,48,147
Vijaykumar Vyshak,2023,2024,0.06045765091043662,0.26329321376505627,0.20283556285461965,145,87
Sunil Narine,2023,2024,0.21008743440955643,0.39761180452554484,0.1875243701159884,264,312
Ishant Sharma,2023,2024,0.4191698324635526,0.5970869709075045,0.1779171384439519,151,163
Tushar Deshpande,2023,2024,0.18784287318610343,0.35830878877702554,0.1704659155909221,321,290
Arshad Khan,2023,2024,-0.3598524159271926,-0.22289563908774843,0.13695677683944416,85,61
Avesh Khan,2023,2024,0.03939930893072397,0.15904206192241163,0.11964275299168767,174,330
Mitchell Santner,2023,2024,0.3850659064260169,0.4964698750443712,0.11140396861835428,72,54
Khaleel Ahmed,2023,2024,0.16230749022468807,0.2461639258416215,0.08385643561693343,200,301
Harshit Rana,2023,2024,0.2590394071079113,0.33855990418132637,0.07952049707341508,103,235
Sam Curran,2023,2024,-0.03925964266635434,0.02876428363434542,0.06802392630069976,270,247
Rahul Chahar,2023,2024,0.18498707479156223,0.22044606867942784,0.03545899388786561,286,187
Hardik Pandya,2023,2024,-0.073387529404716,-0.06513305190621435,0.008254477498501653,145,198
Maheesh Theekshana,2023,2024,0.14836832762550978,0.15562559451372185,0.007257266888212072,270,120
Krunal Pandya,2023,2024,0.3056962050375229,0.308499296123718,0.002803091086195142,252,198
Varun Chakravarthy,2023,2024,0.3951826015320474,0.39550948155464005,0.00032688002259267934,292,278
Arshdeep Singh,2023,2024,0.15123281777568778,0.1507303734525687,-0.0005024443231190778,287,302
Piyush Chawla,2023,2024,0.32510281811894587,0.29342265194543865,-0.03168016617350722,366,192
Kuldeep Yadav,2023,2024,0.26105111633188266,0.22750963715475264,-0.03354147917713002,294,259
Marcus Stoinis,2023,2024,0.41828471864407313,0.33159661316408445,-0.08668810547998868,65,84
Axar Patel,2023,2024,0.34102000950912764,0.23565492352501888,-0.10536508598410876,282,264
Shardul Thakur,2023,2024,0.00558258384494835,-0.10065308094323114,-0.10623566478817949,103,193
Kagiso Rabada,2023,2024,0.2146676716244778,0.07490850364146369,-0.13975916798301413,141,252
Trent Boult,2023,2024,0.5306368589936401,0.38931996119346335,-0.14131689780017676,228,320
Noor Ahmad,2023,2024,0.20368997654473403,0.030027507903740622,-0.1736624686409934,266,209
Bhuvneshwar Kumar,2023,2024,0.375668534939199,0.18371919256191724,-0.19194934237728176,306,343
Harpreet Brar,2023,2024,0.3237051227586564,0.11443467397749775,-0.2092704487811587,157,228
Ravindra Jadeja,2023,2024,0.3907079285702743,0.1805568903723503,-0.21015103819792402,318,283
Mayank Markande,2023,2024,0.2649895832851622,0.03841622706865689,-0.22657335621650532,228,133
Karn Sharma,2023,2024,0.03215210351091327,-0.27051781534763475,-0.302669918858548,129,144
Ravi Bishnoi,2023,2024,0.3747079683785799,0.07054641600568752,-0.3041615523728924,305,262
Rashid Khan,2023,2024,0.3884603946203264,0.08253244600105258,-0.3059279486192738,384,262
Yuzvendra Chahal,2023,2024,0.3485237536500302,0.036538515442118856,-0.31198523820791135,317,349
Ravichandran Ashwin,2023,2024,0.3366141386716418,0.019472622482099536,-0.3171415161895423,294,330
Naveen-ul-Haq,2023,2024,0.4544661783026399,0.12962519284844765,-0.32484098545419227,170,222
Anukul Roy,2023,2024,0.2929264351128311,-0.03317942406088104,-0.32610585917371215,48,34
Moeen Ali,2023,2024,0.3856180095215359,0.02280148993021462,-0.3628165195913213,156,48
Anrich Nortje,2023,2024,0.2103340692990739,-0.18982845191432968,-0.40016252121340357,243,133
Deepak Chahar,2023,2024,0.5919872367894043,0.1882302712505632,-0.4037569655388411,180,141
Mohammed Siraj,2023,2024,0.6199921103377068,0.1679967274164357,-0.45199538292127117,302,324
Alzarri Joseph,2023,2024,-0.02450277432909181,-0.5256889557046378,-0.501186181375546,144,58
Yash Thakur,2023,2024,0.4132706195271023,-0.1085809583998936,-0.5218515779269959,193,214
Mayank Dagar,2023,2024,0.286310280972311,-0.30296434528067895,-0.58927462625299,66,71
Mohit Sharma,2023,2024,0.6410370864563644,0.001446430355857488,-0.6395906561005069,247,235
Washington Sundar,2023,2024,0.18077758091991,-0.46344286967225135,-0.6442204505921614,106,30
Marco Jansen,2023,2024,0.21333479122344295,-0.542976483699124,-0.7563112749225669,167,62
Mitchell Marsh,2023,2024,0.4033853794280076,-0.3552592139875272,-0.7586445934155348,122,48
Akash Madhwal,2023,2024,0.7722850712009612,-0.05786965917812941,-0.8301547303790906,158,111
