bat,year_from,year_to,value_from,value_to,change,balls_from,balls_to
Shahbaz Ahmed,2023,2024,-1.2682894276442944,-0.24910384358817125,1.0191855840561233,39,166
Dinesh Karthik,2023,2024,-0.567469376852422,0.310444926501725,0.877914303354147,104,174
Harpreet Brar,2023,2024,-0.49289181270096694,0.3748354068162126,0.8677272195171795,41,54
Manish Pandey,2023,2024,-0.42391847457220155,0.4213304067632645,0.845248881335466,146,31
Riyan Parag,2023,2024,-0.6845639746604973,0.10055180949580102,0.7851157841562983,66,384
Tristan Stubbs,2023,2024,-0.6334038865468012,0.08386374807021256,0.7172676346170138,31,198
Deepak Hooda,2023,2024,-1.0698426896789945,-0.42608203070398604,0.6437606589750084,90,105
Rahul Tripathi,2023,2024,-0.46678173919963556,0.149822361147019,0.6166041003466546,213,115
Prithvi Shaw,2023,2024,-1.0364548163425868,-0.4280093892721189,0.608445427070468,85,121
Kuldeep Yadav,2023,2024,-0.6922334019757194,-0.11007553615884161,0.5821578658168778,48,41
Andre Russell,2023,2024,-0.41235464542631356,0.1378930251209148,0.5502476705472283,137,106
Abhishek Sharma,2023,2024,-0.43517718704579267,0.10136987507680684,0.5365470621225995,157,237
M Shahrukh Khan,2023,2024,-0.21355223178598604,0.22311613864433763,0.4366683704303237,87,75
Abishek Porel,2023,2024,-0.6553459985594108,-0.2230995822150039,0.43224641634440686,31,205
Rahmanullah Gurbaz,2023,2024,-0.34566310367698994,0.0810491106997505,0.42671221437674045,154,46
Tim David,2023,2024,-0.3607349258685466,0.06300099789812434,0.42373592376667096,146,149
Ravindra Jadeja,2023,2024,-0.39477536685893344,0.023062137844564286,0.41783750470349773,127,187
KL Rahul,2023,2024,-0.42719171725993005,-0.019289744440461384,0.40790197281946866,242,382
Rahul Tewatia,2023,2024,-0.3982396572799589,0.00781256228752147,0.4060522195674804,57,129
Anuj Rawat,2023,2024,-0.5439423270846763,-0.20922085658685188,0.3347214704978244,71,77
Mahipal Lomror,2023,2024,-0.3520001160110537,-0.06870731744149258,0.28329279856956113,97,68
Rohit Sharma,2023,2024,-0.5086981206722904,-0.22899661667724455,0.2797015039950458,250,254
Phil Salt,2023,2024,-0.1759463537603233,0.10186588458219871,0.277812238342522,133,234
Moeen Ali,2023,2024,-0.3741588814566738,-0.09753749632933227,0.2766213851273415,91,98
MS Dhoni,2023,2024,0.179315852530212,0.4338043105451729,0.2544884580149609,56,73
Rilee Rossouw,2023,2024,-0.3289900108049992,-0.08411531035634377,0.2448747004486554,141,116
Jos Buttler,2023,2024,-0.35475121953581695,-0.14839226108054177,0.2063589584552752,282,255
Atharva Taide,2023,2024,-0.3427194484697436,-0.14674553338492283,0.1959739150848208,129,39
Venkatesh Iyer,2023,2024,-0.12010976362124179,0.06643719559748582,0.1865469592187276,249,212
Ravichandran Ashwin,2023,2024,-0.6183351465870334,-0.432233491587286,0.18610165499974735,51,74
Nicholas Pooran,2023,2024,0.027674096363284394,0.19099672636223375,0.16332262999894936,207,280
Krunal Pandya,2023,2024,-0.4626314427770789,-0.3069319772539103,0.1556994655231686,165,105
Virat Kohli,2023,2024,-0.132030072698711,-0.009708374499029917,0.12232169819968108,457,479
Sanju Samson,2023,2024,-0.11937407245858075,-0.020505257348347353,0.0988688151102334,236,346
Prabhsimran Singh,2023,2024,-0.3384213148738203,-0.25246320651929544,0.08595810835452489,226,213
David Miller,2023,2024,-0.24995124892186962,-0.2506049881267188,-0.0006537392048491519,178,139
Sai Sudharsan,2023,2024,-0.05735545017486651,-0.08525914094183377,-0.027903690766967262,209,373
Ayush Badoni,2023,2024,-0.2224162484326758,-0.2583335897143784,-0.035917341281702625,173,171
Mitchell Marsh,2023,2024,-0.5031561565837597,-0.5638277202923762,-0.06067156370861648,97,38
Ruturaj Gaikwad,2023,2024,-0.06392012674475502,-0.13548577496970998,-0.07156564822495497,384,413
Suryakumar Yadav,2023,2024,0.2814461282309811,0.20918832527172418,-0.0722578029592569,334,192
Shivam Dube,2023,2024,0.005232631619114345,-0.08733126975917811,-0.09256390137829246,243,244
Tilak Varma,2023,2024,0.14988444669410275,0.05320963744634822,-0.09667480924775454,209,261
Marcus Stoinis,2023,2024,-0.04373620210114642,-0.15176499845849545,-0.10802879635734902,272,263
Sam Curran,2023,2024,-0.18324517458377015,-0.29390147842942627,-0.11065630384565611,186,219
Sikandar Raza,2023,2024,-0.07120963917304121,-0.1984906919309136,-0.12728105275787238,85,38
Dhruv Jurel,2023,2024,-0.19507513353227984,-0.32792890435597855,-0.1328537708236987,88,141
Nehal Wadhera,2023,2024,0.025368757881618475,-0.1530327870025798,-0.17840154488419827,166,81
Hardik Pandya,2023,2024,-0.22486397083105547,-0.4174944872489699,-0.19263051641791445,241,147
Shubman Gill,2023,2024,0.01933802090201878,-0.18353707373563535,-0.20287509463765413,544,289
Wriddhiman Saha,2023,2024,-0.5302072242451323,-0.7699236201942038,-0.23971639594907146,248,115
Ishan Kishan,2023,2024,-0.19713276224895257,-0.44665466999824854,-0.24952190774929597,318,193
Shimron Hetmyer,2023,2024,-0.10223956344435486,-0.3733503317808059,-0.27111076833645104,197,69
Aiden Markram,2023,2024,-0.305553468697608,-0.5894369027243972,-0.28388343402678917,197,177
Shikhar Dhawan,2023,2024,-0.0790953384611434,-0.36358657328032473,-0.2844912348191813,232,121
Yashasvi Jaiswal,2023,2024,0.14076490814829892,-0.1502693687303857,-0.29103427687868466,382,279
Axar Patel,2023,2024,0.022764520762941443,-0.2922073082102554,-0.31497182897319687,203,179
Faf du Plessis,2023,2024,0.07944461931135528,-0.24064221705481148,-0.32008683636616675,475,271
Quinton de Kock,2023,2024,-0.18050008852663754,-0.5238548050979202,-0.3433547165712826,102,186
Cameron Green,2023,2024,0.014911981639915304,-0.3624192352581671,-0.3773312168980824,282,178
Abdul Samad,2023,2024,0.01238892299788956,-0.414918942159818,-0.4273078651577076,128,108
Jitesh Sharma,2023,2024,-0.054895061226866916,-0.48267887875566795,-0.427783817528801,187,142
David Warner,2023,2024,-0.0652641597720431,-0.5111432026486672,-0.4458790428766241,392,125
Liam Livingstone,2023,2024,-0.07274679543952686,-0.5385020355021288,-0.46575524006260194,171,78
Rinku Singh,2023,2024,0.13144173914323545,-0.4246262089498916,-0.5560679480931271,313,101
Heinrich Klaasen,2023,2024,0.4738991858777379,-0.08877083025338871,-0.5626700161311265,253,280
Mayank Agarwal,2023,2024,-0.28117587820649975,-0.863558657738755,-0.5823827795322551,210,57
Harpreet Singh,2023,2024,0.137128195667789,-0.46979174636153215,-0.6069199420293212,59,34
Ajinkya Rahane,2023,2024,0.1425215959796117,-0.493525948494818,-0.6360475444744297,176,196
Vijay Shankar,2023,2024,0.045173700808492485,-0.6235311358290992,-0.6687048366375917,188,72
Rashid Khan,2023,2024,1.0434768857266234,0.10410280116571914,-0.9393740845609043,58,71
Devdutt Padikkal,2023,2024,-0.18414721990595645,-1.7243063319458305,-1.540159112039874,200,53
Glenn Maxwell,2023,2024,0.24461926231463008,-1.50565063469319,-1.75026989700782,218,43
