bat,year,balls,runs,RAA,WAA,Impact,RAA_per_ball,impact_per_ball,Impact_pctile,impact_vs_mean_per_ball
Abdul Samad,2023,128,176,-10.248217460304094,7.331356054923808,1.5857821437298636,-0.08006419890862573,0.01238892299788956,79.7979797979798,0.17608442915217654
Abdul Samad,2024,108,183,17.236426225969737,-1.6665290320027792,-44.811245753260344,0.15959653912934943,-0.414918942159818,26.0,-0.25122343600553104
Abhinav Manohar,2023,83,114,-9.168580360470083,-1.0789186562029809,-26.955989786004032,-0.11046482362012147,-0.324770961277157,48.484848484848484,-0.16107545512287003
Abhishek Sharma,2023,157,229,-0.5031692291281442,-6.551398761683903,-68.32281836618945,-0.0032048995485869057,-0.43517718704579267,13.131313131313133,-0.2714816808915057
Abhishek Sharma,2024,237,493,140.69990800205443,-8.884271799061278,24.02466039320322,0.5936704978989639,0.10136987507680684,89.0,0.2650653812310938
Abishek Porel,2023,31,34,-6.582610787371387,-1.6090722499406147,-20.315725955341733,-0.21234228346359313,-0.6553459985594108,57.57575757575758,-0.4916504924051238
Abishek Porel,2024,205,328,32.254301796479375,1.7205476450485802,-45.7354143540758,0.15733805754380184,-0.2230995822150039,24.0,-0.05940407606071693
Aiden Markram,2023,197,248,-32.96461396364343,0.18454952643115857,-60.194033333428784,-0.1673330658052966,-0.305553468697608,19.19191919191919,-0.14185796254332106
Aiden Markram,2024,177,222,-35.21168545034575,0.6159374744246768,-104.33033178221831,-0.19893607599065394,-0.5894369027243972,1.0,-0.42574139657011023
Ajinkya Rahane,2023,176,304,32.59207281299273,-2.546005770751526,25.08380089241166,0.18518223189200417,0.1425215959796117,91.91919191919192,0.30621710213389863
Ajinkya Rahane,2024,196,256,-17.73723663039882,-5.187634829181958,-96.73108590498433,-0.09049610525713683,-0.493525948494818,3.0,-0.32983044234053105
Aman Khan,2023,101,115,-16.04981835216898,1.028471266716855,-22.611535758699787,-0.15890909259573247,-0.22387659167029492,55.55555555555556,-0.060181085516007954
Ambati Rayudu,2023,105,139,-25.84331909680176,-3.865323490715145,-62.79684902217869,-0.24612684854096914,-0.5980652287826542,15.151515151515152,-0.43436972262836726
Amit Mishra,2023,30,19,-9.31750891340824,3.6502211785975383,-8.45276346132156,-0.3105836304469413,-0.28175878204405197,73.73737373737373,-0.11806327588976501
Andre Russell,2023,137,192,-8.926552490843795,1.3939504178671922,-56.49258642340496,-0.06515731745141456,-0.41235464542631356,22.22222222222222,-0.2486591392720266
Andre Russell,2024,106,203,33.76795558124903,2.9655560717853664,14.616660662816969,0.3185656186910286,0.1378930251209148,82.0,0.3015885312752018
Angkrish Raghuvanshi,2024,105,166,13.644005066466658,-1.506151295419449,-47.355653042148546,0.12994290539492054,-0.4510062194490338,22.0,-0.28731071329474683
Anmolpreet Singh,2023,82,105,-15.945525515921686,-2.168879587538938,-27.35484300351753,-0.19445762824294738,-0.3335956463843601,47.474747474747474,-0.16990014023007316
Anuj Rawat,2023,71,94,-21.439108624255127,2.7114690933524863,-38.61990522301201,-0.30195927639795955,-0.5439423270846763,35.35353535353536,-0.3802468209303893
Anuj Rawat,2024,77,100,-12.386598574485811,2.7548607808519106,-16.110005957187596,-0.16086491655176377,-0.20922085658685188,55.00000000000001,-0.04552535043256492
Arshad Khan,2024,54,86,16.494241541311183,3.241073630836979,25.567154093419582,0.30544891743168856,0.47346581654480707,90.0,0.637161322699094
Ashutosh Sharma,2024,113,198,33.221524227975436,3.402403645866533,30.827583890108524,0.2939957896281012,0.27281047690361526,92.0,0.4365059830579022
Atharva Taide,2023,129,189,8.556790128776823,1.2716436054409672,-44.21080885259693,0.06633170642462653,-0.3427194484697436,33.33333333333333,-0.17902394231545665
Atharva Taide,2024,39,62,0.7148784760569058,-1.9049079754601226,-5.723075802011991,0.018330217334792457,-0.14674553338492283,66.0,0.016949972769364136
Axar Patel,2023,203,288,15.993333179764234,7.249963722324839,4.621197714877113,0.07878489251115386,0.022764520762941443,83.83838383838383,0.1864600269172284
Axar Patel,2024,179,239,-19.618019614824462,3.5576027491213296,-52.305108169635716,-0.10959787494315341,-0.2922073082102554,19.0,-0.12851180205596846
Ayush Badoni,2023,173,244,-18.903312756023833,2.884116644018905,-38.478010978852915,-0.10926770379204528,-0.2224162484326758,36.36363636363637,-0.05872074227838883
Ayush Badoni,2024,171,240,-13.730205548411933,6.297205638251366,-44.17504384115871,-0.0802935996983154,-0.2583335897143784,28.000000000000004,-0.09463808356009146
Azmatullah Omarzai,2024,33,42,-6.3896325321696565,-2.2804349318531543,-23.315562504621013,-0.19362522824756534,-0.7065321971097277,49.0,-0.5428366909554407
Bhanuka Rajapaksa,2023,30,23,-16.707729982185267,-0.1067565684643742,-25.070584590991935,-0.5569243327395089,-0.8356861530330645,51.515151515151516,-0.6719906468787775
Bhuvneshwar Kumar,2023,47,47,-10.835335650873006,3.2203213200170095,1.5465936705048335,-0.2305390564015533,0.03290624830861348,78.78787878787878,0.19660175446290046
Cameron Green,2023,282,464,29.36202580412163,2.3980049228599984,4.205178822456116,0.10412065887986394,0.014911981639915304,81.81818181818183,0.17860748779420227
Cameron Green,2024,178,257,-22.711854220660992,-0.17551245076036992,-64.51062387595374,-0.12759468663292692,-0.3624192352581671,10.0,-0.19872372910388014
Daryl Mitchell,2024,223,320,-17.71839154714302,1.2141624862903486,-39.25395041523272,-0.07945467061499113,-0.17602668347637992,36.0,-0.012331177322092962
David Miller,2023,178,268,-23.381248088502428,1.8022823463974458,-44.49132230809279,-0.13135532633990127,-0.24995124892186962,32.323232323232325,-0.08625574276758266
David Miller,2024,139,213,-6.878942475590852,0.2501384234887274,-34.83409334961391,-0.0494887947884234,-0.2506049881267188,39.0,-0.08690948197243181
David Warner,2023,392,520,-34.7030376596953,6.006031849177425,-25.583550630640893,-0.08852815729514106,-0.0652641597720431,50.505050505050505,0.09843134638224386
David Warner,2024,125,175,-12.345033739610287,-4.823436991149254,-63.892900331083396,-0.09876026991688229,-0.5111432026486672,12.0,-0.34744769649438023
David Willey,2023,32,36,-1.242566628985256,4.687319893279384,6.733784254513762,-0.03883020715578925,0.21043075795355506,85.85858585858585,0.374126264107842
Deepak Hooda,2023,90,89,-41.02726651161606,-5.993451550014062,-96.2858420711095,-0.455858516795734,-1.0698426896789945,7.07070707070707,-0.9061471835247076
Deepak Hooda,2024,105,145,2.796982209070088,-1.2851102403508423,-44.738613223918534,0.026637925800667508,-0.42608203070398604,27.0,-0.2623865245496991
Devdutt Padikkal,2023,200,265,-32.38546240943292,0.4367286800762685,-36.82944398119129,-0.1619273120471646,-0.18414721990595645,37.37373737373738,-0.020451713751669487
Devdutt Padikkal,2024,53,40,-31.20766144126028,-3.3056412256908665,-91.38823559312901,-0.5888238007784958,-1.7243063319458305,4.0,-1.5606108257915436
Devon Conway,2023,456,640,-103.68663883795331,-5.7160748775441785,-93.11001270255363,-0.22738297990779235,-0.20418862434770532,8.080808080808081,-0.04049311819341836
Dewald Brevis,2024,59,69,-19.762672700809684,-1.2431565892989165,-28.94707741192458,-0.3349605542510116,-0.49062843071058615,46.0,-0.3269329245562992
Dhruv Jurel,2023,88,153,-1.6337757970530493,0.42480051201635843,-17.166611750840627,-0.018565634057421013,-0.19507513353227984,66.66666666666666,-0.03137962737799288
Dhruv Jurel,2024,141,195,-34.935250168917214,1.7444283918978252,-46.237975514192975,-0.24776773169444832,-0.32792890435597855,23.0,-0.16423339820169158
Dinesh Karthik,2023,104,141,-29.15451752656196,-4.560164150916046,-59.01681519265189,-0.280331899293865,-0.567469376852422,21.21212121212121,-0.4037738706981351
Dinesh Karthik,2024,174,330,52.46292478048458,5.366839732425891,54.01741721130015,0.30151106195680794,0.310444926501725,99.0,0.47414043265601197
Faf du Plessis,2023,475,743,-10.033403917746298,-2.7180583704899632,37.73619417289376,-0.021122955616307997,0.07944461931135528,93.93939393939394,0.24314012546564223
Faf du Plessis,2024,271,448,26.933978900142098,-11.66412780511747,-65.21404082185391,0.0993873760152845,-0.24064221705481148,8.0,-0.07694671090052452
Glenn Maxwell,2023,218,404,73.1113517241741,-1.6971705966702946,53.326999184589354,0.3353731730466702,0.24461926231463008,95.95959595959596,0.408314768468917
Glenn Maxwell,2024,43,53,-18.448759026747584,-6.960750869053554,-64.74297729180716,-0.42904090759878105,-1.50565063469319,9.0,-1.341955128538903
Hardik Pandya,2023,241,331,-52.03592739209379,-0.24522290763545296,-54.19221697028437,-0.21591671117051364,-0.22486397083105547,23.232323232323232,-0.06116846467676851
Hardik Pandya,2024,147,214,3.735806755135214,-2.6256854724937426,-61.37168962559858,0.025413651395477646,-0.4174944872489699,13.0,-0.25379898109468296
Harpreet Brar,2023,41,52,-2.9766601748189228,-1.3746356872230074,-20.208564320739644,-0.0726014676785103,-0.49289181270096694,58.58585858585859,-0.32919630654668
Harpreet Brar,2024,54,78,10.85105342785968,4.721745410640937,20.24111196807548,0.20094543384925334,0.3748354068162126,87.0,0.5385309129704996
Harpreet Singh,2023,59,80,1.1628125980498036,2.2192349137926852,8.09056354439955,0.019708688102539045,0.137128195667789,86.86868686868688,0.30082370182207596
Harpreet Singh,2024,34,28,-15.162634335406047,2.575543293882313,-15.972919376292094,-0.4459598333942955,-0.46979174636153215,56.00000000000001,-0.3060962402072452
Harry Brook,2023,154,192,-45.68900350244914,-3.24005471122186,-102.6462594072938,-0.2966818409249944,-0.6665341519954142,4.040404040404041,-0.5028386458411273
Heinrich Klaasen,2023,253,451,72.46858602743744,7.628525901149428,119.89649402706769,0.2864370989226776,0.4738991858777379,100.0,0.6375946920320248
Heinrich Klaasen,2024,280,486,62.64121586228575,4.284277248193486,-24.855832470948837,0.22371862807959195,-0.08877083025338871,48.0,0.07492467590089825
Ishan Kishan,2023,318,458,-30.40041196171537,-9.789192419269554,-62.68821839516692,-0.09559877975382192,-0.19713276224895257,16.161616161616163,-0.03343725609466561
Ishan Kishan,2024,193,295,16.704021864953784,-6.133896304270637,-86.20435130966197,0.08654933608784345,-0.44665466999824854,6.0,-0.2829591638439616
Jake Fraser-McGurk,2024,141,335,132.4440202322332,-3.2427892389066133,61.959836294139905,0.9393192924271859,0.43943146307900643,100.0,0.6031269692332935
Jason Roy,2023,188,288,30.94544526735577,-0.40506586633242303,11.022908919626005,0.16460343227316898,0.058632494253329816,90.9090909090909,0.22232800040761677
Jitesh Sharma,2023,187,298,33.18879696759818,2.112985829529639,-10.265376449424114,0.1774801976876908,-0.054895061226866916,72.72727272727273,0.10880044492742005
Jitesh Sharma,2024,142,187,-16.078632047699625,-1.9259221000189777,-68.54040078330485,-0.11322980315281425,-0.48267887875566795,7.000000000000001,-0.318983372601381
Jonny Bairstow,2024,195,301,6.457730265027449,-5.398054136139126,-61.05474401125559,0.03311656546167922,-0.3131012513397723,14.000000000000002,-0.14940574518548533
Jos Buttler,2023,282,411,-42.773561008535616,-9.09317228268725,-100.03984390910038,-0.1516792943565093,-0.35475121953581695,5.05050505050505,-0.19105571338153
Jos Buttler,2024,255,363,-27.343955408863973,0.26790003330051293,-37.84002657553815,-0.1072311976818195,-0.14839226108054177,38.0,0.015303245073745197
KL Rahul,2023,242,278,-104.72711783700527,-3.62570622036101,-103.38039557690307,-0.43275668527688127,-0.42719171725993005,3.0303030303030303,-0.2634962111056431
KL Rahul,2024,382,533,-10.900864270038879,4.414697258627676,-7.368682376256249,-0.028536293900625335,-0.019289744440461384,64.0,0.14440576171382558
Krishnappa Gowtham,2023,37,62,4.6849877607143835,0.6553501265422678,-1.4610791478184453,0.12662129083011847,-0.039488625616714734,76.76767676767676,0.12420688053757223
Krunal Pandya,2023,165,194,-37.320797775518756,-1.5558895497235925,-76.33418805821802,-0.22618665318496214,-0.4626314427770789,12.121212121212121,-0.29893593662279194
Krunal Pandya,2024,105,136,-22.97708048394988,3.9742108510645515,-32.22785761166058,-0.2188293379423798,-0.3069319772539103,40.0,-0.14323647109962334
Kuldeep Yadav,2023,48,31,-26.599357370602196,3.7844525373387343,-33.22720329483453,-0.5541532785542124,-0.6922334019757194,42.42424242424242,-0.5285378958214324
Kuldeep Yadav,2024,41,48,4.298690694262549,4.066158756571127,-4.513096982512506,0.10484611449420853,-0.11007553615884161,69.0,0.053619969995445355
Kyle Mayers,2023,263,390,-25.896218423217416,-10.134958316883935,-66.40845061314619,-0.0984647088335263,-0.2525036144986547,14.14141414141414,-0.08880810834436775
Lalit Yadav,2023,59,68,-19.828251432976728,-0.6359425793070757,-21.960257682655204,-0.33607205818604624,-0.37220775733313904,56.56565656565656,-0.20851225117885208
Liam Livingstone,2023,171,291,31.388473848218425,2.2393129279150683,-12.439702020159093,0.18355832659776858,-0.07274679543952686,69.6969696969697,0.0909487107147601
Liam Livingstone,2024,78,112,-11.862930409644406,0.7229667514270157,-42.00315876916605,-0.1520888514056975,-0.5385020355021288,32.0,-0.37480652934784187
M Shahrukh Khan,2023,87,147,5.18985719312205,2.1778299330246,-18.579044165380786,0.05965353095542586,-0.21355223178598604,62.62626262626263,-0.04985672563169907
M Shahrukh Khan,2024,75,129,21.607667069467826,0.0976022489899043,16.73371039832532,0.2881022275929043,0.22311613864433763,85.0,0.3868116447986246
MS Dhoni,2023,56,107,2.6151373828297935,2.882832824318788,10.041687741691872,0.04669888183624631,0.179315852530212,88.88888888888889,0.34301135868449895
MS Dhoni,2024,73,162,27.652608506379572,3.626511075848656,31.66771466979762,0.37880285625177496,0.4338043105451729,93.0,0.5974998166994598
Mahipal Lomror,2023,97,147,-12.276358931639695,-2.207102815012278,-34.14401125307221,-0.12656040135711025,-0.3520001160110537,39.39393939393939,-0.18830460985676672
Mahipal Lomror,2024,68,129,24.946293312805086,-3.5250468696487234,-4.672097586021495,0.3668572546000748,-0.06870731744149258,67.0,0.09498818871279438
Manish Pandey,2023,146,162,-23.26217915461591,0.30108533714844965,-61.892097287541425,-0.159329994209698,-0.42391847457220155,17.17171717171717,-0.2602229684179146
Manish Pandey,2024,31,43,7.388689414111251,1.1185546260640749,13.0612426096612,0.23834481981004035,0.4213304067632645,78.0,0.5850259129175515
Marco Jansen,2023,43,44,-24.210401770456343,-0.16059525968726085,-33.2089950727015,-0.5630325993129383,-0.7723022109930581,43.43434343434344,-0.6086067048387711
Marcus Stoinis,2023,272,419,13.708088177201315,0.38837457503278294,-11.896246971511825,0.050397383004416596,-0.04373620210114642,71.71717171717171,0.11995930405314054
Marcus Stoinis,2024,263,394,16.869413432561643,3.7777372957610016,-39.9141945945843,0.06414225639757279,-0.15176499845849545,35.0,0.011930507695791515
Matthew Short,2023,92,119,4.169751113615627,1.9194856321072071,-44.578247384727675,0.045323381669735076,-0.4845461672253008,31.313131313131315,-0.32085066107101384
Mayank Agarwal,2023,210,276,-53.995180173757056,-3.9803388312042323,-59.04693442336495,-0.2571199055893193,-0.28117587820649975,20.2020202020202,-0.11748037205221279
Mayank Agarwal,2024,57,66,-23.008407229114653,-3.712095194028091,-49.22284349110903,-0.40365626717745007,-0.863558657738755,21.0,-0.699863151584468
Michael Bracewell,2023,47,61,-4.208776356674584,0.9134727405223891,-15.586537726557864,-0.08954843312073583,-0.3316284622671886,67.67676767676768,-0.16793295611290165
Mitchell Marsh,2023,97,131,-2.1394477319890455,-2.5074285336408817,-48.80614718862469,-0.022056162185454076,-0.5031561565837597,28.28282828282828,-0.3394606504294727
Mitchell Marsh,2024,38,66,5.044216465595195,-3.265485319913612,-21.425453371110294,0.1327425385682946,-0.5638277202923762,51.0,-0.4001322141380892
Moeen Ali,2023,91,129,-14.810085432846499,-2.3713723470072945,-34.048458212557314,-0.16274819156974174,-0.3741588814566738,41.41414141414141,-0.21046337530238685
Moeen Ali,2024,98,130,-2.9164356911589193,1.2219735221161052,-9.558674640274562,-0.029759547868968565,-0.09753749632933227,62.0,0.06615800982495469
Mohammad Nabi,2024,31,38,-3.5885149443251594,-0.6852088584931795,-17.555211830690357,-0.11575854659113417,-0.5662971558287212,54.0,-0.40260164967443424
Naman Dhir,2024,73,129,14.512702516114462,0.06557555418145257,-30.24797458152813,0.1988041440563625,-0.41435581618531686,45.0,-0.2506603100310299
Narayan Jagadeesan,2023,81,90,-26.30096179519413,-3.437394834277424,-77.65355888124516,-0.3247032320394337,-0.9586859121141378,10.1010101010101,-0.7949904059598508
Nehal Wadhera,2023,166,247,10.580075245193374,2.282738313719279,4.211213808348667,0.06373539304333357,0.025368757881618475,82.82828282828282,0.18906426403590543
Nehal Wadhera,2024,81,107,8.14231138128685,0.429073682683206,-12.395655747208963,0.10052236273193642,-0.1530327870025798,56.99999999999999,0.010662719151707162
Nicholas Pooran,2023,207,360,42.37340062893292,1.8163837004360281,5.72853794719987,0.20470241849726048,0.027674096363284394,84.84848484848484,0.19136960251757135
Nicholas Pooran,2024,280,502,59.04927934842128,9.612739345214788,53.47908338142545,0.21089028338721885,0.19099672636223375,98.0,0.3546922325165207
Nitish Kumar Reddy,2024,212,304,11.571939206689363,3.5427486601628013,-31.308626023128483,0.054584618899478125,-0.14768219822230416,43.0,0.0160133079319828
Nitish Rana,2023,276,394,9.716689265281229,4.1042596933042255,-8.125295666181671,0.03520539588870011,-0.029439477051382865,74.74747474747475,0.1342560291029041
Pat Cummins,2024,95,142,32.21154951189407,5.76881835618732,12.961301356344741,0.3390689422304639,0.13643475111941833,77.0,0.3001302572737053
Phil Salt,2023,133,223,19.21511428482902,-2.009779743813347,-23.400865050123,0.14447454349495503,-0.1759463537603233,53.535353535353536,-0.012250847606036341
Phil Salt,2024,234,443,93.08210020186903,-5.817239579286867,23.836616992234497,0.3977867529994403,0.10186588458219871,88.0,0.26556139073648566
Prabhsimran Singh,2023,226,339,34.00629272612915,-2.1973164614695233,-76.4832171614834,0.15047032179703165,-0.3384213148738203,11.11111111111111,-0.17472580871953336
Prabhsimran Singh,2024,213,340,22.67994203453295,-7.014127502706657,-53.77466298860993,0.10647860110109365,-0.25246320651929544,17.0,-0.08876770036500847
Prerak Mankad,2023,72,98,-13.009140707052191,-0.5816938301986331,-26.378680647539515,-0.1806825098201693,-0.36637056454915995,49.494949494949495,-0.202675058394873
Prithvi Shaw,2023,85,107,-27.142088505133668,-6.877677097300356,-88.09865938911987,-0.3193186882956902,-1.0364548163425868,9.090909090909092,-0.8727593101882999
Prithvi Shaw,2024,121,201,24.342659095846614,-5.8836363840876444,-51.78913610192639,0.20117900079212078,-0.4280093892721189,20.0,-0.26431388311783194
Quinton de Kock,2023,102,146,-2.2298103801324074,-1.2803663647140222,-18.41100902971703,-0.021860886079729483,-0.18050008852663754,63.63636363636363,-0.01680458237235058
Quinton de Kock,2024,186,250,-17.58937635871749,-6.522955123558147,-97.43699374821315,-0.09456653956299726,-0.5238548050979202,2.0,-0.3601592989436332
Rachin Ravindra,2024,138,224,22.628727878136807,-4.395762007869371,-22.74745962016921,0.16397628897200586,-0.16483666391426963,50.0,-0.0011411577599826639
Rahmanullah Gurbaz,2023,154,218,9.887176021215668,-3.4988552809709286,-53.232117966256446,0.06420244169620563,-0.34566310367698994,24.242424242424242,-0.18196759752270297
Rahmanullah Gurbaz,2024,46,70,5.342740247712261,-0.7929103231520992,3.728259092188523,0.1161465271241796,0.0810491106997505,72.0,0.24474461685403748
Rahul Tewatia,2023,57,91,-10.367435695875765,-0.03293622010513253,-22.69966046495766,-0.18188483676975026,-0.3982396572799589,54.54545454545454,-0.23454415112567195
Rahul Tewatia,2024,129,194,-2.5592209284065355,3.1081401074277926,1.0078205350902696,-0.01983892192563206,0.00781256228752147,71.0,0.17150806844180844
Rahul Tripathi,2023,213,279,-39.020374555913875,-3.836901074821435,-99.42451044952237,-0.18319424674137968,-0.46678173919963556,6.0606060606060606,-0.3030862330453486
Rahul Tripathi,2024,115,176,42.94417215144082,5.811509833748916,17.229571531907183,0.37342758392557235,0.149822361147019,86.0,0.31351786730130593
Rajat Patidar,2024,223,403,79.45792290688487,-3.244457007635477,46.967882742952355,0.35631355563625505,0.21061830826436034,97.0,0.3743138144186473
Ramandeep Singh,2024,54,110,31.57550068381677,0.8032201976467626,11.512639903187061,0.584731494144755,0.21319703524420483,76.0,0.3768925413984918
Rashid Khan,2023,58,131,44.650467181296655,3.5497322735060184,60.521659372144164,0.7698356410568389,1.0434768857266234,97.97979797979798,1.2071723918809103
Rashid Khan,2024,71,105,1.63859415991329,2.125792634411484,7.391298882766059,0.023078790984694227,0.10410280116571914,74.0,0.2677983073200061
Rasikh Salam,2024,30,29,-7.726331317586505,-0.8892039200005144,0.21447193421263577,-0.2575443772528835,0.007149064473754526,70.0,0.17084457062804148
Ravichandran Ashwin,2023,51,71,-6.5282278031580585,-1.2400769465519217,-31.535092475938704,-0.1280044667285894,-0.6183351465870334,44.44444444444444,-0.4546396404327464
Ravichandran Ashwin,2024,74,89,-9.66949620230665,-1.5370011881287977,-31.985278377459167,-0.13066886759873853,-0.432233491587286,41.0,-0.26853798543299906
Ravindra Jadeja,2023,127,181,-48.593205276923584,0.6613902530334379,-50.13647159108455,-0.3826236635978235,-0.39477536685893344,26.262626262626267,-0.23107986070464648
Ravindra Jadeja,2024,187,271,-7.484814710475542,7.365750765711131,4.312619776933522,-0.04002574711484247,0.023062137844564286,73.0,0.18675764399885125
Rilee Rossouw,2023,141,210,-4.565504051478479,1.2358648604494404,-46.38759152350488,-0.032379461358003396,-0.3289900108049992,29.292929292929294,-0.16529450465071222
Rilee Rossouw,2024,116,213,44.09146375640698,-1.5935116583398123,-9.757376001335878,0.38009882548626706,-0.08411531035634377,61.0,0.07958019579794319
Rinku Singh,2023,313,477,9.483927474073381,17.178656107808674,41.141264351832696,0.030300087776592273,0.13144173914323545,94.94949494949495,0.2951372452975224
Rinku Singh,2024,101,150,-1.20606659726375,-0.8548151696141584,-42.88724710393905,-0.011941253438254952,-0.4246262089498916,31.0,-0.26093070279560465
Ripal Patel,2023,43,50,-16.819987235939298,1.7109547457487255,-13.185091053627854,-0.39116249385905344,-0.30663002450297333,68.68686868686868,-0.14293451834868637
Rishabh Pant,2024,287,447,27.767867366727426,5.78636096996671,-10.409349164005576,0.09675215110357988,-0.036269509282249396,59.0,0.12742599687203757
Riyan Parag,2023,66,81,-22.735046528929008,-2.31965154409938,-45.18122232759283,-0.34447040195346984,-0.6845639746604973,30.303030303030305,-0.5208684685062104
Riyan Parag,2024,384,578,1.3574411974560983,8.139271063134919,38.61189484638759,0.003535003118375256,0.10055180949580102,95.0,0.26424731565008797
Rohit Sharma,2023,250,342,-39.40985890416293,-11.151963485525794,-127.17453016807258,-0.15763943561665172,-0.5086981206722904,2.0202020202020203,-0.3450026145180034
Rohit Sharma,2024,254,399,16.459719027295918,-5.673463949412866,-58.16514063602012,0.06480204341455086,-0.22899661667724455,15.0,-0.06530111052295759
Rovman Powell,2024,68,107,-3.5021838803374603,-0.10829397216489256,-12.318617241360045,-0.05150270412260971,-0.1811561359023536,57.99999999999999,-0.01746062974806664
Ruturaj Gaikwad,2023,384,570,-24.575434703946218,-7.558626971970066,-24.545328669985928,-0.06399852787485995,-0.06392012674475502,52.52525252525253,0.09977537940953195
Ruturaj Gaikwad,2024,413,587,-42.53184510166849,3.004712478329211,-55.95562506249022,-0.10298267579096486,-0.13548577496970998,16.0,0.02820973118457698
Sai Sudharsan,2023,209,272,-42.63288345066261,4.622491357333936,-11.9872890865471,-0.20398508828068235,-0.05735545017486651,70.70707070707071,0.10634005597942045
Sai Sudharsan,2024,373,533,-44.01996533743076,0.6969697161387772,-31.801659571304,-0.11801599286174468,-0.08525914094183377,42.0,0.07843636521245319
Sam Curran,2023,186,254,-5.994956002576709,2.2765618423739156,-34.08360247258125,-0.03223094625041241,-0.18324517458377015,40.4040404040404,-0.01954966842948319
Sam Curran,2024,219,276,-38.194514243715176,1.4719856886822844,-64.36442377604435,-0.17440417462883642,-0.29390147842942627,11.0,-0.1302059722751393
Sameer Rizvi,2024,43,51,-18.563064946222852,-1.4484172049272228,-30.817079907505256,-0.43169918479588026,-0.7166762769187269,44.0,-0.55298077076444
Sanju Samson,2023,236,365,3.547552133537125,-1.5908032976845075,-28.172281100225057,0.015032000565835275,-0.11937407245858075,46.464646464646464,0.04432143369570621
Sanju Samson,2024,346,534,4.553231742525561,6.085602483515473,-7.094819042528185,0.013159629313657691,-0.020505257348347353,65.0,0.1431902488059396
Sarfaraz Khan,2023,62,58,-24.024773246977997,-0.23581097275327778,-39.06172222987447,-0.3874963426931935,-0.6300277779012011,34.34343434343434,-0.46633227174691416
Shahbaz Ahmed,2023,39,49,-9.404855068160716,-0.3511837960088152,-49.463287678127486,-0.24115012995283885,-1.2682894276442944,27.27272727272727,-1.1045939214900073
Shahbaz Ahmed,2024,166,216,-19.140527075639795,4.652718213337855,-41.35123803563643,-0.1153043799737337,-0.24910384358817125,34.0,-0.08540833743388429
Shai Hope,2024,122,183,18.067559970532983,0.5545197903551619,-42.94945496508504,0.14809475385682774,-0.35204471282856586,30.0,-0.1883492066742789
Shardul Thakur,2023,67,106,11.373392719587061,-2.987205976801427,-17.754052121468394,0.16975213014309046,-0.26498585255922974,65.65656565656566,-0.10129034640494278
Shashank Singh,2024,215,360,33.3783115565697,7.163914998252242,33.63287988440267,0.15524796072823116,0.156431999462338,94.0,0.32012750561662495
Shikhar Dhawan,2023,232,343,29.858159153365733,7.271452888493488,-18.35011852298527,0.12869896186795574,-0.0790953384611434,64.64646464646465,0.08460016769314356
Shikhar Dhawan,2024,121,154,-30.10487269762995,-2.999200784406226,-43.993975366919294,-0.2488006008068591,-0.36358657328032473,28.999999999999996,-0.19989106712603777
Shimron Hetmyer,2023,197,304,-19.862925148474496,4.9277419480618185,-20.141193998537908,-0.10082703121053044,-0.10223956344435486,59.59595959595959,0.0614559427099321
Shimron Hetmyer,2024,69,115,-7.718865497850456,-0.7361297421289005,-25.761172892875607,-0.11186761591087617,-0.3733503317808059,47.0,-0.20965482562651894
Shivam Dube,2023,243,392,-0.304498196523848,0.009905934855793386,1.2715294834447857,-0.0012530789980405269,0.005232631619114345,77.77777777777779,0.16892813777340132
Shivam Dube,2024,244,410,5.490280028602954,-0.6897256113894872,-21.30882982123946,0.022501147658208827,-0.08733126975917811,52.0,0.07636423639510885
Shreyas Iyer,2024,229,347,12.037864367887815,3.510266850664346,-10.376836710444348,0.05256709330955378,-0.04531369742552117,60.0,0.1183818087287658
Shubman Gill,2023,544,862,-2.5551374566984557,-0.9233171196655747,10.519883370698217,-0.004696943854225102,0.01933802090201878,89.8989898989899,0.18303352705630574
Shubman Gill,2024,289,432,-20.813037560864863,-4.184624598778468,-53.04221430959862,-0.07201743100645282,-0.18353707373563535,18.0,-0.01984156758134839
Sikandar Raza,2023,85,124,-2.436902508039239,1.7745612189090973,-6.052819329708503,-0.02866944127104987,-0.07120963917304121,75.75757575757575,0.09248586698124575
Sikandar Raza,2024,38,44,-7.635921500733201,0.41875792811972035,-7.542646293374716,-0.2009453026508737,-0.1984906919309136,63.0,-0.03479518577662663
Sunil Narine,2024,269,514,100.05776739428646,-5.215469878812378,13.065702100309295,0.37196196057355563,0.04857138327252526,79.0,0.2122668894268122
Suryakumar Yadav,2023,334,610,115.36238299064033,2.0669992044985843,94.00300682914768,0.3453963562594022,0.2814461282309811,98.98989898989899,0.44514163438526805
Suryakumar Yadav,2024,192,336,54.284542623137725,1.0320893792618453,40.164158452171044,0.2827319928288423,0.20918832527172418,96.0,0.3728838314260111
Tanush Kotian,2024,31,24,-25.106974032229378,-0.9765258215962441,-19.617550772137378,-0.8099023881364316,-0.6328242184560444,53.0,-0.46912871230175746
Tilak Varma,2023,209,346,38.363167195347366,4.163609982722923,31.325849359067472,0.18355582390118358,0.14988444669410275,92.92929292929293,0.3135799528483897
Tilak Varma,2024,261,389,25.04119360971259,8.46556708775681,13.887715373496885,0.09594327053529728,0.05320963744634822,80.0,0.21690514360063518
Tim David,2023,146,232,-18.346739006213625,0.3296459885798978,-52.6672991768078,-0.12566259593297002,-0.3607349258685466,25.252525252525253,-0.19703941971425964
Tim David,2024,149,251,23.87782622706725,6.51653542481579,9.387148686820527,0.16025386729575336,0.06300099789812434,75.0,0.22669650405241132
Tom Kohler-Cadmore,2024,54,49,-33.634613027558835,-1.3248209177772776,-37.88174845226392,-0.6228632042140525,-0.7015138602271096,37.0,-0.5378183540728226
Travis Head,2024,296,573,128.82300476195462,-7.370119082462827,26.458838766618953,0.4352128539255224,0.08938796880614511,91.0,0.25308347496043204
Tristan Stubbs,2023,31,25,-15.625079219087793,0.9199654693693153,-19.635520482950838,-0.5040348135189611,-0.6334038865468012,60.60606060606061,-0.4697083803925143
Tristan Stubbs,2024,198,383,60.25859847984893,5.567741162251958,16.605022117902088,0.30433635595883296,0.08386374807021256,84.0,0.24755925422449954
Venkatesh Iyer,2023,249,373,10.793605997903104,0.9186619889420335,-29.907331141689205,0.04334781525262291,-0.12010976362124179,45.45454545454545,0.043585742533045174
Venkatesh Iyer,2024,212,334,32.947051377099235,4.308221335571897,14.084685466666993,0.15541061970329828,0.06643719559748582,81.0,0.23013270175177278
Vijay Shankar,2023,188,314,24.04421679383695,1.9015498706488452,8.492655751996587,0.12789477017998377,0.045173700808492485,87.87878787878788,0.20886920696277944
Vijay Shankar,2024,72,83,-25.57245885040011,0.19405064258778015,-44.89424177969514,-0.3551730395888904,-0.6235311358290992,25.0,-0.4598356296748123
Virat Kohli,2023,457,644,-78.796471058066,-6.226981202583225,-60.33774322331093,-0.17242116205266084,-0.132030072698711,18.181818181818183,0.03166543345557596
Virat Kohli,2024,479,748,0.926117106864055,-1.2107751161108966,-4.65031138503533,0.0019334386364594051,-0.009708374499029917,68.0,0.15398713165525704
Vishnu Vinod,2023,31,39,-6.080079950548651,-1.1814135717079788,-19.034716603753502,-0.196131611308021,-0.614023116250113,61.61616161616161,-0.450327610095826
Vivrant Sharma,2023,47,71,-6.754773838831997,-0.96875,1.8296228233821523,-0.1437185923155744,0.038928145178343664,80.8080808080808,0.20262365133263063
Washington Sundar,2023,60,60,-26.378663419744946,1.8867802741497228,-34.37522386582442,-0.4396443903290824,-0.5729203977637403,38.38383838383838,-0.4092248916094533
Will Jacks,2024,131,237,36.00393315553896,-0.8573978505344495,16.07593020126891,0.2748391843934272,0.12271702443716725,83.0,0.2864125305914542
Wriddhiman Saha,2023,248,331,-40.002378033637015,-11.230626433780706,-131.49139161279282,-0.1612999114259557,-0.5302072242451323,1.0101010101010102,-0.3665117180908454
Wriddhiman Saha,2024,115,144,-22.932685095783977,-6.994387397260517,-88.54121632233344,-0.19941465300681718,-0.7699236201942038,5.0,-0.6062281140399168
Yashasvi Jaiswal,2023,382,634,63.36523606563126,-3.431177798251029,53.77219491265019,0.16587758132364203,0.14076490814829892,96.96969696969697,0.30446041430258586
Yashasvi Jaiswal,2024,279,439,14.497604230598725,-7.217724120434426,-41.92515387577761,0.05196273917777321,-0.1502693687303857,33.0,0.013426137423901252
