year,shot,balls,total_balls,proportion,mean_impact
2023,COVER_DRIVE,2020,16699,0.1209653272651057,0.007617816511826089
2023,CUT_SHOT,1582,16699,0.09473621174920654,-0.20058051212142677
2023,DAB,250,16699,0.014970956344691299,-0.6235294663299906
2023,DEFENDED,1012,16699,0.06060243128331038,-1.4009684734138312
2023,FLICK,2554,16699,0.1529432900173663,-0.19769090570360412
2023,HOOK,53,16699,0.0031738427450745555,0.015650256609532776
2023,LEFT_ALONE,257,16699,0.015390143122342655,-0.9545365839206066
2023,LEG_GLANCE,194,16699,0.011617462123480448,0.3146201688435337
2023,ON_DRIVE,2578,16699,0.15438050182645668,-0.18738384602712738
2023,PADDLE_SWEEP,44,16699,0.0026348883166656687,0.8431363403727009
2023,PULL,1803,16699,0.10797053715791365,0.46748816507361446
2023,PUSH,1090,16699,0.06527336966285406,-0.8063504551909799
2023,RAMP,46,16699,0.002754655967423199,-0.5168669547104443
2023,REVERSE_SWEEP,175,16699,0.01047966944128391,-0.32522828893122013
2023,SLOG_SHOT,986,16699,0.059045451823462484,-0.40075962110063257
2023,SLOG_SWEEP,286,16699,0.017126774058326844,-0.15683573644463275
2023,SQUARE_DRIVE,428,16699,0.025630277262111503,-0.026280284328384904
2023,STEERED,471,16699,0.02820528175339841,-0.2683977369057064
2023,STRAIGHT_DRIVE,439,16699,0.02628899934127792,0.8424163423185198
2023,SWEEP_SHOT,337,16699,0.02018084915264387,-0.0486072375536629
2023,UPPER_CUT,53,16699,0.0031738427450745555,-0.22168378611355172
2024,COVER_DRIVE,1930,16106,0.11983111883770024,-0.0567239158036009
2024,CUT_SHOT,1391,16106,0.08636532969079846,-0.3078169012092036
2024,DAB,216,16106,0.013411151123804792,-0.6133145989146617
2024,DEFENDED,907,16106,0.056314416987458094,-1.333687662599273
2024,FLICK,2561,16106,0.1590090649447411,-0.16514149764358543
2024,HOOK,132,16106,0.008195703464547373,0.24237569369900505
2024,LATE_CUT,52,16106,0.0032286104557307837,0.9250220833415496
2024,LEFT_ALONE,285,16106,0.017695268843909102,-0.8401495759432125
2024,LEG_GLANCE,119,16106,0.0073885508506146775,0.7325637675617136
2024,ON_DRIVE,2515,16106,0.15615298646467154,-0.14640694706369067
2024,PADDLE_SWEEP,28,16106,0.0017384825530858065,0.1851221317286537
2024,PULL,2005,16106,0.12448776853346578,0.19442185722814143
2024,PUSH,942,16106,0.058487520178815346,-0.7454436063159708
2024,RAMP,59,16106,0.003663231094002235,0.48918017801306474
2024,REVERSE_SCOOP,20,16106,0.0012417732522041476,0.9220307187795049
2024,REVERSE_SWEEP,111,16106,0.006891841549733019,-0.31769751026275367
2024,SLOG_SHOT,689,16106,0.04277908853843288,-0.4151618732778945
2024,SLOG_SWEEP,262,16106,0.016267229603874334,0.9267661506861216
2024,SQUARE_DRIVE,608,16106,0.037749906867006085,-0.029341740844909155
2024,STEERED,484,16106,0.03005091270334037,-0.1775052591003831
2024,STRAIGHT_DRIVE,383,16106,0.023779957779709426,1.0726215005619522
2024,SWEEP_SHOT,270,16106,0.01676393890475599,0.48627737024036216
2024,UPPER_CUT,129,16106,0.008009437476716752,0.16936924264317005
