team,year,speed,balls,impact,impact_vs_mean
Chennai Super Kings,2023,1,200,0.41986046306301616,0.25053864756101774
Chennai Super Kings,2023,2,438,0.3837121024025519,0.21439028690055348
Chennai Super Kings,2023,3,195,0.17858958025912472,0.009267764757126318
Chennai Super Kings,2023,4,79,-0.21581170374687456,-0.38513351924887296
Chennai Super Kings,2023,5,219,0.10356432006969686,-0.06575749543230154
Chennai Super Kings,2023,6,573,0.41806199324478877,0.24874017774279036
Chennai Super Kings,2023,7,23,0.28368682110884685,0.11436500560684845
Chennai Super Kings,2023,8,2,-1.2513533106626937,-1.4206751261646922
Chennai Super Kings,2024,1,156,0.5497123489319566,0.3803905334299582
Chennai Super Kings,2024,2,575,0.2924675703253261,0.12314575482332771
Chennai Super Kings,2024,3,150,0.1757161983261857,0.006394382824187306
Chennai Super Kings,2024,4,155,0.15651722154570866,-0.012804593956289745
Chennai Super Kings,2024,5,189,0.5861877718753903,0.41686595637339185
Chennai Super Kings,2024,6,365,-0.05391095831776105,-0.22323277381975945
Chennai Super Kings,2024,7,12,1.1900428387350637,1.0207210232330652
Chennai Super Kings,2024,8,4,-0.16997270798977127,-0.3392945234917697
Delhi Capitals,2023,1,229,0.2286262002995663,0.05930438479756789
Delhi Capitals,2023,2,444,0.3389559830225026,0.16963416752050423
Delhi Capitals,2023,3,178,0.28021258827011797,0.11089077276811957
Delhi Capitals,2023,4,110,-0.10345638776750864,-0.272778203269507
Delhi Capitals,2023,5,54,-0.11955770170519948,-0.2888795172071979
Delhi Capitals,2023,6,473,0.24222086852780428,0.07289905302580588
Delhi Capitals,2023,7,153,0.17775177302859135,0.008429957526592952
Delhi Capitals,2023,8,2,-1.8981328299040832,-2.0674546454060816
Delhi Capitals,2024,1,146,0.029511208495310717,-0.13981060700668768
Delhi Capitals,2024,2,564,0.19582968566891606,0.026507870166917663
Delhi Capitals,2024,3,220,0.17371881209529194,0.0043969965932935395
Delhi Capitals,2024,4,106,0.31758741425425285,0.14826559875225445
Delhi Capitals,2024,5,68,-0.044652735809889856,-0.21397455131188825
Delhi Capitals,2024,6,438,0.1661924982277704,-0.003129317274227994
Delhi Capitals,2024,7,96,0.3153567174053851,0.14603490190338672
Delhi Capitals,2024,8,1,0.40893525512633744,0.23961343962433904
Gujarat Titans,2023,1,372,0.2640104207275249,0.0946886052255265
Gujarat Titans,2023,2,602,0.3966073988192168,0.2272855833172184
Gujarat Titans,2023,3,81,-0.128448767614134,-0.2977705831161324
Gujarat Titans,2023,4,65,0.07628025890710535,-0.09304155659489305
Gujarat Titans,2023,5,93,0.3993884900353138,0.2300666745333154
Gujarat Titans,2023,6,607,0.3197321243754315,0.15041030887343312
Gujarat Titans,2023,7,44,0.0906626444363404,-0.078659171065658
Gujarat Titans,2023,8,7,-2.6603371877843602,-2.8296590032863587
Gujarat Titans,2024,1,108,-0.15785707702348595,-0.3271788925254844
Gujarat Titans,2024,2,412,0.19335818811462735,0.024036372612628948
Gujarat Titans,2024,3,102,0.12901193953098852,-0.04030987597100988
Gujarat Titans,2024,4,61,-0.012431015179303699,-0.1817528306813021
Gujarat Titans,2024,5,49,0.12246727086453182,-0.04685454463746658
Gujarat Titans,2024,6,488,0.0937509742690917,-0.07557084123290671
Gujarat Titans,2024,7,51,0.7737014319280636,0.6043796164260652
Kolkata Knight Riders,2023,1,123,0.3013835677459297,0.13206175224393132
Kolkata Knight Riders,2023,2,351,0.1221484367007689,-0.0471733788012295
Kolkata Knight Riders,2023,3,91,0.2750917359917328,0.10576992048973441
Kolkata Knight Riders,2023,4,42,-0.31292914733051846,-0.4822509628325169
Kolkata Knight Riders,2023,5,68,0.4268187444403137,0.25749692893831533
Kolkata Knight Riders,2023,6,713,0.1537606087867227,-0.015561206715275694
Kolkata Knight Riders,2023,7,43,0.16857469256881702,-0.0007471229331813822
Kolkata Knight Riders,2023,8,4,-0.028639700862326478,-0.19796151636432488
Kolkata Knight Riders,2024,1,217,0.4663401843078414,0.297018368805843
Kolkata Knight Riders,2024,2,389,0.43764526052776515,0.26832344502576677
Kolkata Knight Riders,2024,3,122,-0.23969584532343502,-0.40901766082543345
Kolkata Knight Riders,2024,4,108,-0.029593079926761575,-0.19891489542875998
Kolkata Knight Riders,2024,5,112,0.2349056206484379,0.0655838051464395
Kolkata Knight Riders,2024,6,385,0.38696255823966624,0.21764074273766784
Kolkata Knight Riders,2024,7,16,-0.7964874303179652,-0.9658092458199636
Kolkata Knight Riders,2024,8,14,-0.18471030233915847,-0.35403211784115685
Lucknow Super Giants,2023,1,117,0.5897985679226005,0.4204767524206021
Lucknow Super Giants,2023,2,343,0.3477354852950241,0.17841366979302573
Lucknow Super Giants,2023,3,185,0.203042912536796,0.03372109703479759
Lucknow Super Giants,2023,4,122,0.22628084367671572,0.05695902817471732
Lucknow Super Giants,2023,5,165,0.4199355948122738,0.2506137793102754
Lucknow Super Giants,2023,6,538,0.30425856131506607,0.13493674581306767
Lucknow Super Giants,2023,7,72,-0.2411401342877877,-0.4104619497897861
Lucknow Super Giants,2023,8,1,-1.3858815589169922,-1.5552033744189906
Lucknow Super Giants,2024,1,161,0.6176590589269094,0.448337243424911
Lucknow Super Giants,2024,2,469,-0.009909739335254348,-0.17923155483725275
Lucknow Super Giants,2024,3,183,0.002547854856780327,-0.16677396064521807
Lucknow Super Giants,2024,4,156,-0.062319461999666835,-0.23164127750166524
Lucknow Super Giants,2024,5,137,0.1593838172290165,-0.00993799827298189
Lucknow Super Giants,2024,6,406,0.09265166412690715,-0.07667015137509126
Lucknow Super Giants,2024,7,41,0.25448867345846976,0.08516685795647136
Mumbai Indians,2023,1,229,-0.0554217533508811,-0.2247435688528795
Mumbai Indians,2023,2,554,0.2766443794136958,0.1073225639116974
Mumbai Indians,2023,3,187,0.12215730929780226,-0.04716450620419614
Mumbai Indians,2023,4,130,-0.2472004869989639,-0.41652230250096234
Mumbai Indians,2023,5,55,0.08640111633786102,-0.08292069916413738
Mumbai Indians,2023,6,497,0.1787451714143116,0.009423355912313192
Mumbai Indians,2023,7,161,0.16985999281980244,0.0005381773178040339
Mumbai Indians,2023,8,2,1.1159065166028341,0.9465847011008357
Mumbai Indians,2024,1,244,0.5387367723739034,0.36941495687190495
Mumbai Indians,2024,2,543,-0.03974848165571017,-0.20907029715770858
Mumbai Indians,2024,3,210,0.4231930638025857,0.25387124830058727
Mumbai Indians,2024,4,104,0.15674583363314418,-0.012575981868854225
Mumbai Indians,2024,5,45,0.00559264465384904,-0.16372917084814936
Mumbai Indians,2024,6,289,0.07369149252831018,-0.09563032297368822
Mumbai Indians,2024,7,50,0.28224718496196544,0.11292536945996703
Mumbai Indians,2024,8,1,1.0510420787186803,0.8817202632166818
Punjab Kings,2023,1,110,0.3488428360625583,0.17952102056055988
Punjab Kings,2023,2,491,0.11509373484175822,-0.05422808066024018
Punjab Kings,2023,3,159,-0.22861197410503373,-0.39793378960703213
Punjab Kings,2023,4,128,0.21448013034157423,0.04515831483957583
Punjab Kings,2023,5,74,0.2061863900671158,0.03686457456511741
Punjab Kings,2023,6,521,0.16425068643542495,-0.005071129066573449
Punjab Kings,2023,7,32,-0.20137561150202754,-0.37069742700402597
Punjab Kings,2023,8,1,1.1614972565946573,0.9921754410926589
Punjab Kings,2024,1,123,0.3325123693687615,0.1631905538667631
Punjab Kings,2024,2,553,0.20429244322847506,0.03497062772647666
Punjab Kings,2024,3,304,0.2322931966125435,0.0629713811105451
Punjab Kings,2024,4,108,-0.10080518128467665,-0.27012699678667507
Punjab Kings,2024,5,48,-0.0013549679156517058,-0.1706767834176501
Punjab Kings,2024,6,463,0.14082619463964716,-0.028495620862351245
Punjab Kings,2024,7,49,-0.0025184796025010487,-0.17184029510449944
Punjab Kings,2024,8,1,0.8035631552653371,0.6342413397633386
Rajasthan Royals,2023,1,63,-0.04137276989471355,-0.21069458539671196
Rajasthan Royals,2023,2,356,0.4496414265960039,0.2803196110940055
Rajasthan Royals,2023,3,301,0.1796786266135883,0.010356811111589898
Rajasthan Royals,2023,4,98,0.09311919095107858,-0.07620262455091982
Rajasthan Royals,2023,5,44,0.013215562964137366,-0.15610625253786103
Rajasthan Royals,2023,6,577,0.1427717227072925,-0.02655009279470591
Rajasthan Royals,2023,7,178,0.31550287677033845,0.14618106126834005
Rajasthan Royals,2023,8,3,0.49780927881004544,0.328487463308047
Rajasthan Royals,2024,1,136,0.39054239481849823,0.22122057931649983
Rajasthan Royals,2024,2,534,0.21292121792757043,0.04359940242557203
Rajasthan Royals,2024,3,196,0.2038901941881424,0.034568378686143986
Rajasthan Royals,2024,4,114,0.26977341363271434,0.10045159813071594
Rajasthan Royals,2024,5,51,0.3266305780823422,0.1573087625803438
Rajasthan Royals,2024,6,599,0.01152075079344228,-0.15780106470855612
Rajasthan Royals,2024,7,104,0.15082970154144393,-0.018492113960554474
Rajasthan Royals,2024,8,1,-0.8560303115967258,-1.0253521270987243
Royal Challengers Bengaluru,2023,1,141,0.6937100966742198,0.5243882811722214
Royal Challengers Bengaluru,2023,2,440,0.3460695803107176,0.1767477648087192
Royal Challengers Bengaluru,2023,3,227,-0.026382067393488813,-0.1957038828954872
Royal Challengers Bengaluru,2023,4,169,0.015577354375025878,-0.15374446112697251
Royal Challengers Bengaluru,2023,5,9,-0.1620221280399304,-0.3313439435419288
Royal Challengers Bengaluru,2023,6,394,0.07771615318163462,-0.09160566232036378
Royal Challengers Bengaluru,2023,7,91,0.03780468062209004,-0.13151713487990835
Royal Challengers Bengaluru,2023,8,1,1.1505191562184507,0.9811973407164523
Royal Challengers Bengaluru,2024,1,201,-0.030802867580704364,-0.20012468308270276
Royal Challengers Bengaluru,2024,2,581,0.12423219244962211,-0.04508962305237629
Royal Challengers Bengaluru,2024,3,222,0.20334188421299845,0.03402006871100005
Royal Challengers Bengaluru,2024,4,95,0.7463327042418194,0.577010888739821
Royal Challengers Bengaluru,2024,5,83,0.4002894045784182,0.23096758907641982
Royal Challengers Bengaluru,2024,6,477,0.03830647334025346,-0.13101534216174493
Royal Challengers Bengaluru,2024,7,18,-0.2987968524274479,-0.46811866792944634
Sunrisers Hyderabad,2023,1,143,0.10067825754008665,-0.06864355796191175
Sunrisers Hyderabad,2023,2,524,0.18806804057123114,0.018746225069232736
Sunrisers Hyderabad,2023,3,204,0.4199032639163213,0.25058144841432295
Sunrisers Hyderabad,2023,4,69,0.04184176047386177,-0.12748005502813664
Sunrisers Hyderabad,2023,5,28,0.4049707818782629,0.2356489663762645
Sunrisers Hyderabad,2023,6,451,-0.026054599227425014,-0.1953764147294234
Sunrisers Hyderabad,2023,7,199,0.30236516475482855,0.13304334925283015
Sunrisers Hyderabad,2023,8,1,2.285251685047073,2.1159298695450746
Sunrisers Hyderabad,2024,1,166,0.12194538640910904,-0.04737642909288936
Sunrisers Hyderabad,2024,2,536,0.09955863686221449,-0.06976317863978392
Sunrisers Hyderabad,2024,3,276,0.47989396751330066,0.3105721520113023
Sunrisers Hyderabad,2024,4,199,-0.08643935496617103,-0.25576117046816943
Sunrisers Hyderabad,2024,5,93,-0.038016128168608374,-0.20733794367060676
Sunrisers Hyderabad,2024,6,387,0.0005907793135028477,-0.16873103618849555
Sunrisers Hyderabad,2024,7,61,-0.3478346980316239,-0.5171565135336224
Sunrisers Hyderabad,2024,8,10,2.804749749669605,2.635427934167607
