team,year,shot,balls,impact,impact_se,impact_vs_mean
Chennai Super Kings,2023,COVER_DRIVE,179,0.0224843865090585,0.16343585434335423,0.18617989266334545
Chennai Super Kings,2023,CUT_SHOT,139,-0.45588615248697034,0.16587290967621038,-0.2921906463326834
Chennai Super Kings,2023,DAB,34,-0.8556490429569955,0.4391243297371874,-0.6919535368027085
Chennai Super Kings,2023,DEFENDED,102,-1.4124594048097279,0.12482786737831822,-1.248763898655441
Chennai Super Kings,2023,FLICK,285,-0.14666504597437693,0.11011910621294634,0.01703046017991003
Chennai Super Kings,2023,HOOK,5,1.782727397305516,0.9376766297806908,1.946422903459803
Chennai Super Kings,2023,LEFT_ALONE,19,-0.7450299362513775,0.3688959851983978,-0.5813344300970905
Chennai Super Kings,2023,LEG_GLANCE,12,-0.12453373474074898,0.29899150608280434,0.03916177141353798
Chennai Super Kings,2023,ON_DRIVE,298,-0.2605590397125804,0.10873153274717075,-0.09686353355829341
Chennai Super Kings,2023,PADDLE_SWEEP,7,0.6347861555460759,0.5816889330083512,0.7984816617003628
Chennai Super Kings,2023,PULL,196,0.619085154045847,0.1865595966924743,0.7827806602001339
Chennai Super Kings,2023,PUSH,79,-0.7378160302369359,0.08787346123643586,-0.5741205240826489
Chennai Super Kings,2023,RAMP,6,-0.8350736895608363,1.0448519386736297,-0.6713781834065493
Chennai Super Kings,2023,REVERSE_SWEEP,14,-0.8429572815341884,0.30519167367804084,-0.6792617753799014
Chennai Super Kings,2023,SLOG_SHOT,91,0.3730041439638237,0.2997747314577567,0.5366996501181107
Chennai Super Kings,2023,SLOG_SWEEP,20,-1.531014798819578,1.1479545004121163,-1.3673192926652908
Chennai Super Kings,2023,SQUARE_DRIVE,41,-0.17790686399898353,0.23881095784716544,-0.01421135784469657
Chennai Super Kings,2023,STEERED,49,0.10111497781935935,0.2067347103818463,0.2648104839736463
Chennai Super Kings,2023,STRAIGHT_DRIVE,45,1.1894050558644598,0.4376931917119159,1.3531005620187466
Chennai Super Kings,2023,SWEEP_SHOT,27,-0.5377633927175728,0.5832206633653237,-0.3740678865632858
Chennai Super Kings,2023,UPPER_CUT,3,0.19152577671780158,1.7953347828212578,0.35522128287208854
Chennai Super Kings,2024,COVER_DRIVE,176,-0.14972184127871896,0.16539987291278693,0.013973664875568004
Chennai Super Kings,2024,CUT_SHOT,135,-0.04717362090876257,0.1739256125428386,0.1165218852455244
Chennai Super Kings,2024,DAB,28,-0.616366993118656,0.18281241320867198,-0.452671486964369
Chennai Super Kings,2024,DEFENDED,70,-1.3215142706774048,0.25624164063482996,-1.157818764523118
Chennai Super Kings,2024,FLICK,254,-0.11343555971385962,0.1414101914161714,0.05025994644042735
Chennai Super Kings,2024,HOOK,8,0.020537248001420094,1.7786394241250536,0.18423275415570706
Chennai Super Kings,2024,LATE_CUT,4,0.0848646692535624,0.9546454202192257,0.24856017540784936
Chennai Super Kings,2024,LEFT_ALONE,26,-0.851210003344367,0.22516290342734088,-0.6875144971900801
Chennai Super Kings,2024,LEG_GLANCE,15,0.2293298261014911,0.29219870755936955,0.39302533225577807
Chennai Super Kings,2024,ON_DRIVE,276,-0.2358570202389235,0.164325128053731,-0.07216151408463653
Chennai Super Kings,2024,PADDLE_SWEEP,6,0.35074727340407935,0.5604494398712229,0.5144427795583664
Chennai Super Kings,2024,PULL,240,-0.09820243346812212,0.21469232120963838,0.06549307268616485
Chennai Super Kings,2024,PUSH,118,-0.5476069358589882,0.06549506918717451,-0.38391142970470127
Chennai Super Kings,2024,RAMP,7,1.2121937286474218,0.7182078682502873,1.3758892348017087
Chennai Super Kings,2024,REVERSE_SCOOP,1,-0.3184002004547679,,-0.15470469430048095
Chennai Super Kings,2024,REVERSE_SWEEP,5,0.5852468041229685,0.8817672301071021,0.7489423102772554
Chennai Super Kings,2024,SLOG_SHOT,66,-0.17476930900511806,0.4838243642570393,-0.011073802850831094
Chennai Super Kings,2024,SLOG_SWEEP,17,-0.009911492450444648,1.227591867609607,0.15378401370384231
Chennai Super Kings,2024,SQUARE_DRIVE,66,0.19367431235670285,0.25946505743041287,0.3573698185109898
Chennai Super Kings,2024,STEERED,64,-0.07850985264328858,0.17865507400803146,0.08518565351099838
Chennai Super Kings,2024,STRAIGHT_DRIVE,34,0.9060760720847432,0.7500880468224022,1.0697715782390302
Chennai Super Kings,2024,SWEEP_SHOT,21,0.7166194630688343,0.551122062867795,0.8803149692231212
Chennai Super Kings,2024,UPPER_CUT,13,1.114410776648441,0.7586123807628127,1.278106282802728
Delhi Capitals,2023,COVER_DRIVE,192,-0.09977020328342108,0.20361856181265328,0.06392530287086588
Delhi Capitals,2023,CUT_SHOT,178,-0.003315237748022397,0.140493285412869,0.16038026840626457
Delhi Capitals,2023,DAB,29,-0.34371120622491447,0.1504240768842709,-0.1800157000706275
Delhi Capitals,2023,DEFENDED,129,-1.7675932474747524,0.2626640723704722,-1.6038977413204654
Delhi Capitals,2023,FLICK,222,-0.2987921196426674,0.152442937893669,-0.13509661348838042
Delhi Capitals,2023,HOOK,3,2.230392029474274,1.685054387514436,2.394087535628561
Delhi Capitals,2023,LATE_CUT,3,1.3938619832808687,1.2891712361062948,1.5575574894351556
Delhi Capitals,2023,LEFT_ALONE,26,-0.5846450222205236,0.20250406978594424,-0.42094951606623665
Delhi Capitals,2023,LEG_GLANCE,21,0.6765736449019119,0.29127566635609403,0.8402691510561988
Delhi Capitals,2023,ON_DRIVE,255,-0.7106200916015498,0.21633794248727722,-0.5469245854472629
Delhi Capitals,2023,PADDLE_SWEEP,4,-0.20970557570848491,0.32894809570739886,-0.04601006955419795
Delhi Capitals,2023,PULL,213,0.541886684139368,0.22715820763955874,0.705582190293655
Delhi Capitals,2023,PUSH,122,-0.877469984982656,0.1943873870247311,-0.7137744788283691
Delhi Capitals,2023,RAMP,4,-2.741546903106414,2.9358626326187687,-2.577851396952127
Delhi Capitals,2023,REVERSE_SCOOP,3,1.1269370218698695,1.326529308883514,1.2906325280241564
Delhi Capitals,2023,REVERSE_SWEEP,15,-0.9378272785520977,1.1478057839766522,-0.7741317723978107
Delhi Capitals,2023,SLOG_SHOT,72,-0.43303157920617236,0.4264958068373871,-0.2693360730518854
Delhi Capitals,2023,SLOG_SWEEP,23,-0.5576489238795218,0.9182427254851104,-0.39395341772523484
Delhi Capitals,2023,SQUARE_DRIVE,27,0.5217501485942363,0.32985989779375074,0.6854456547485233
Delhi Capitals,2023,STEERED,38,-0.6290697028558504,0.3378600693712377,-0.46537419670156344
Delhi Capitals,2023,STRAIGHT_DRIVE,45,0.05614755937705852,0.5637290845583859,0.21984306553134547
Delhi Capitals,2023,SWEEP_SHOT,32,-0.13749868860453535,0.5722775000033248,0.026196817549751616
Delhi Capitals,2023,UPPER_CUT,3,1.239057383205375,1.9826923365582072,1.402752889359662
Delhi Capitals,2024,COVER_DRIVE,189,-0.10033094978194773,0.1885786716827714,0.06336455637233923
Delhi Capitals,2024,CUT_SHOT,142,-0.34085928289928913,0.22766447941290813,-0.17716377674500217
Delhi Capitals,2024,DAB,24,-0.46851626753753206,0.18587514932032248,-0.3048207613832451
Delhi Capitals,2024,DEFENDED,81,-1.5293778790645136,0.31361870876812303,-1.3656823729102268
Delhi Capitals,2024,FLICK,208,-0.11155325834308547,0.16713901148293459,0.0521422478112015
Delhi Capitals,2024,HOOK,14,0.7208092376535803,1.7538043791166738,0.8845047438078673
Delhi Capitals,2024,LATE_CUT,12,0.8102308820594626,0.48334021139310507,0.9739263882137495
Delhi Capitals,2024,LEFT_ALONE,19,-1.161947399053151,0.29800805666379665,-0.9982518928988641
Delhi Capitals,2024,LEG_GLANCE,16,0.19542235973178546,0.9829645232205513,0.3591178658860724
Delhi Capitals,2024,ON_DRIVE,216,-0.28406957083915796,0.2473488759220545,-0.120374064684871
Delhi Capitals,2024,PADDLE_SWEEP,2,-5.2353845742868295,4.220793335571744,-5.071689068132542
Delhi Capitals,2024,PULL,206,0.1724736291776502,0.21814888770861554,0.33616913533193715
Delhi Capitals,2024,PUSH,101,-0.8640142858481351,0.1966339237920494,-0.7003187796938481
Delhi Capitals,2024,RAMP,10,0.22980502744706338,1.023284846570824,0.39350053360135034
Delhi Capitals,2024,REVERSE_SCOOP,6,0.7246387205612255,0.702256251349065,0.8883342267155124
Delhi Capitals,2024,REVERSE_SWEEP,13,-2.0377444982882724,1.2187192714612112,-1.8740489921339853
Delhi Capitals,2024,SLOG_SHOT,85,-0.3758272901991351,0.5690829895089242,-0.21213178404484812
Delhi Capitals,2024,SLOG_SWEEP,46,1.0980841619767456,0.6570099688390504,1.2617796681310325
Delhi Capitals,2024,SQUARE_DRIVE,50,-0.5633602491967046,0.49804175893515884,-0.3996647430424176
Delhi Capitals,2024,STEERED,47,-0.05371228554864962,0.19586699959391715,0.10998322060563734
Delhi Capitals,2024,STRAIGHT_DRIVE,46,0.0881993721621727,0.6093396426903926,0.2518948783164597
Delhi Capitals,2024,SWEEP_SHOT,24,0.6523996613810099,0.6340280169497239,0.8160951675352969
Delhi Capitals,2024,UPPER_CUT,11,1.5257026492552355,0.8058422550785098,1.6893981554095223
Gujarat Titans,2023,COVER_DRIVE,244,0.19534441117617354,0.13886713934549094,0.3590399173304605
Gujarat Titans,2023,CUT_SHOT,179,-0.1567149599459348,0.15265607193080183,0.006980546208352173
Gujarat Titans,2023,DAB,30,-0.6794001145535009,0.11591214804089628,-0.515704608399214
Gujarat Titans,2023,DEFENDED,112,-1.4786072808165844,0.23031669137161295,-1.3149117746622974
Gujarat Titans,2023,FLICK,289,-0.21350725113751576,0.10045160432035151,-0.049811744983228795
Gujarat Titans,2023,HOOK,8,0.33135665915926804,1.661771321798504,0.495052165313555
Gujarat Titans,2023,LATE_CUT,1,-0.9830094887685732,,-0.8193139826142862
Gujarat Titans,2023,LEFT_ALONE,28,-0.9619762320108015,0.2768692879645927,-0.7982807258565146
Gujarat Titans,2023,LEG_GLANCE,27,0.3998570663873593,0.24320738431634614,0.5635525725416463
Gujarat Titans,2023,ON_DRIVE,280,0.05741409049715299,0.12149590444067696,0.22110959665143995
Gujarat Titans,2023,PADDLE_SWEEP,4,1.783261969081368,0.41148106166439224,1.946957475235655
Gujarat Titans,2023,PULL,255,0.15409381330930433,0.19160535891632471,0.3177893194635913
Gujarat Titans,2023,PUSH,128,-0.5906462286997096,0.0636795749518937,-0.42695072254542266
Gujarat Titans,2023,RAMP,4,-0.26953829584521705,1.2473285781517969,-0.10584278969093008
Gujarat Titans,2023,REVERSE_SWEEP,4,-2.1948272300892953,1.534351509744798,-2.031131723935008
Gujarat Titans,2023,SLOG_SHOT,91,-0.6039799869120576,0.4066113574179198,-0.4402844807577706
Gujarat Titans,2023,SLOG_SWEEP,16,2.013662650769402,1.0396129861202061,2.177358156923689
Gujarat Titans,2023,SQUARE_DRIVE,48,0.11535443211446146,0.3759352217184058,0.2790499382687484
Gujarat Titans,2023,STEERED,41,-0.1795744748017154,0.2041252053534243,-0.015878968647428437
Gujarat Titans,2023,STRAIGHT_DRIVE,41,1.153464110989533,0.6281256494505674,1.3171596171438198
Gujarat Titans,2023,SWEEP_SHOT,21,-1.0990999358969122,1.0026956991709042,-0.9354044297426253
Gujarat Titans,2023,UPPER_CUT,5,1.7497185911640585,1.2039622868750093,1.9134140973183453
Gujarat Titans,2024,COVER_DRIVE,170,-0.0144179869561662,0.20387781846706368,0.14927751919812077
Gujarat Titans,2024,CUT_SHOT,125,-0.26307733210387585,0.19310914374036708,-0.09938182594958889
Gujarat Titans,2024,DAB,23,-0.3637036061322121,0.18598722327233103,-0.20000809997792512
Gujarat Titans,2024,DEFENDED,101,-1.5653517313091385,0.2718029853374724,-1.4016562251548517
Gujarat Titans,2024,FLICK,253,-0.23681033272785024,0.13032313902176978,-0.07311482657356327
Gujarat Titans,2024,HOOK,7,-0.01705959631628673,0.6831809018539795,0.14663590983800023
Gujarat Titans,2024,LATE_CUT,5,0.5216530969401247,0.8842454666920455,0.6853486030944117
Gujarat Titans,2024,LEFT_ALONE,21,-0.8129218964255281,0.2191289282921153,-0.6492263902712412
Gujarat Titans,2024,LEG_GLANCE,18,0.628660163448805,0.3266062585647454,0.792355669603092
Gujarat Titans,2024,ON_DRIVE,217,-0.2270645211083393,0.1672686059681112,-0.06336901495405234
Gujarat Titans,2024,PADDLE_SWEEP,2,-1.6990842464394547,4.185712754401429,-1.5353887402851676
Gujarat Titans,2024,PULL,183,-0.1470372179339319,0.21652694625849958,0.01665828822035506
Gujarat Titans,2024,PUSH,94,-0.7946587352333919,0.16595097966140493,-0.630963229079105
Gujarat Titans,2024,RAMP,4,-0.14456356977943674,0.9334715142163096,0.019131936374850222
Gujarat Titans,2024,REVERSE_SWEEP,3,1.26197334450035,1.3133882232825602,1.4256688506546369
Gujarat Titans,2024,SLOG_SHOT,32,-1.809121117644887,0.9159561620220432,-1.6454256114905998
Gujarat Titans,2024,SLOG_SWEEP,16,0.5772026668395185,1.4158576114842325,0.7408981729938054
Gujarat Titans,2024,SQUARE_DRIVE,36,0.321688271667059,0.2673251679703738,0.48538377782134595
Gujarat Titans,2024,STEERED,30,-0.2565381939327788,0.18670742646761818,-0.09284268777849186
Gujarat Titans,2024,STRAIGHT_DRIVE,25,2.0839408751641253,0.46756530788823536,2.2476363813184124
Gujarat Titans,2024,SWEEP_SHOT,30,1.3793598927459654,0.34406845456639057,1.5430553989002522
Gujarat Titans,2024,UPPER_CUT,15,0.11578199945200159,0.9995006260167723,0.27947750560628853
Kolkata Knight Riders,2023,COVER_DRIVE,181,0.07279011056849435,0.1758730591178598,0.23648561672278132
Kolkata Knight Riders,2023,CUT_SHOT,153,-0.0982777273408784,0.1927595085800168,0.06541777881340856
Kolkata Knight Riders,2023,DAB,14,-0.43568355390941854,0.25834482762157046,-0.2719880477551316
Kolkata Knight Riders,2023,DEFENDED,99,-1.178828316887519,0.2018233184702891,-1.015132810733232
Kolkata Knight Riders,2023,FLICK,228,-0.1251938869900083,0.15345292797378646,0.03850161916427866
Kolkata Knight Riders,2023,HOOK,7,-1.7907176499399078,2.316500026942015,-1.627022143785621
Kolkata Knight Riders,2023,LATE_CUT,2,1.3506223467196072,1.6792341406240998,1.5143178528738943
Kolkata Knight Riders,2023,LEFT_ALONE,46,-0.9553960452142204,0.12751322855823463,-0.7917005390599334
Kolkata Knight Riders,2023,LEG_GLANCE,17,1.097652854748608,0.37102128488567876,1.261348360902895
Kolkata Knight Riders,2023,ON_DRIVE,195,-0.18319081586471114,0.20744896529587614,-0.01949530971042418
Kolkata Knight Riders,2023,PADDLE_SWEEP,6,0.30474898940668754,0.7411146122291341,0.4684444955609745
Kolkata Knight Riders,2023,PULL,151,0.4649561931742026,0.2722451323194401,0.6286516993284896
Kolkata Knight Riders,2023,PUSH,102,-0.6758865083669788,0.10988857080924869,-0.5121910022126919
Kolkata Knight Riders,2023,RAMP,4,-1.4343440231616502,0.41122798596316135,-1.2706485170073631
Kolkata Knight Riders,2023,REVERSE_SCOOP,1,-4.920186081205536,,-4.756490575051249
Kolkata Knight Riders,2023,REVERSE_SWEEP,27,-0.6841359666663396,0.699421239839866,-0.5204404605120526
Kolkata Knight Riders,2023,SLOG_SHOT,107,-0.26931648039217,0.45707518501757427,-0.10562097423788303
Kolkata Knight Riders,2023,SLOG_SWEEP,32,-0.44619407577798986,0.9705312054949056,-0.2824985696237029
Kolkata Knight Riders,2023,SQUARE_DRIVE,38,-1.3773311897926113,0.7414044362876123,-1.2136356836383242
Kolkata Knight Riders,2023,STEERED,46,-0.12740457074595762,0.18524267328569669,0.03629093540832934
Kolkata Knight Riders,2023,STRAIGHT_DRIVE,43,1.006231070262335,0.5621954087304168,1.1699265764166218
Kolkata Knight Riders,2023,SWEEP_SHOT,40,-0.2375702161397803,0.5538121226523139,-0.07387470998549334
Kolkata Knight Riders,2023,UPPER_CUT,7,2.1413334947918523,0.9939969337813204,2.3050290009461394
Kolkata Knight Riders,2024,COVER_DRIVE,152,0.15545985329297643,0.25804961866409265,0.31915535944726336
Kolkata Knight Riders,2024,CUT_SHOT,98,-0.4385006142366992,0.30378196641420585,-0.27480510808241226
Kolkata Knight Riders,2024,DAB,22,-1.4736893651379064,0.6716347054678178,-1.3099938589836193
Kolkata Knight Riders,2024,DEFENDED,64,-0.7985989920403755,0.1531924870914276,-0.6349034858860886
Kolkata Knight Riders,2024,FLICK,212,-0.011882928630983539,0.1539269039292608,0.15181257752330343
Kolkata Knight Riders,2024,HOOK,16,-0.052851401656698105,0.4880510314898238,0.11084410449758886
Kolkata Knight Riders,2024,LATE_CUT,6,0.6756994330366375,0.7603461530383722,0.8393949391909244
Kolkata Knight Riders,2024,LEFT_ALONE,38,-1.0531723622549058,0.1769594331317798,-0.8894768561006189
Kolkata Knight Riders,2024,LEG_GLANCE,10,2.1958273029336026,0.4880535295747543,2.3595228090878897
Kolkata Knight Riders,2024,ON_DRIVE,203,0.12354029867395686,0.2015916219640869,0.28723580482824385
Kolkata Knight Riders,2024,PADDLE_SWEEP,1,-0.2520039751744463,,-0.08830846902015932
Kolkata Knight Riders,2024,PULL,201,0.3826530694320039,0.23251513625306056,0.5463485755862909
Kolkata Knight Riders,2024,PUSH,69,-1.0366223853582124,0.24406952713297975,-0.8729268792039254
Kolkata Knight Riders,2024,RAMP,4,0.8251429645304595,1.8798512878091882,0.9888384706847465
Kolkata Knight Riders,2024,REVERSE_PULL,2,1.8088177474293374,2.0952881418272753,1.9725132535836245
Kolkata Knight Riders,2024,REVERSE_SCOOP,1,-1.1586462576556116,,-0.9949507515013246
Kolkata Knight Riders,2024,REVERSE_SWEEP,19,-1.0947221698219727,1.067899315328149,-0.9310266636676857
Kolkata Knight Riders,2024,SLOG_SHOT,92,-0.14154374892217664,0.37803355903781577,0.022151757232110325
Kolkata Knight Riders,2024,SLOG_SWEEP,15,1.485276783957257,0.7890101401518596,1.6489722901115438
Kolkata Knight Riders,2024,SQUARE_DRIVE,86,0.14680523085611596,0.30182545050269566,0.3105007370104029
Kolkata Knight Riders,2024,STEERED,41,-0.2779114025155013,0.16719780041685947,-0.11421589636121432
Kolkata Knight Riders,2024,STRAIGHT_DRIVE,25,2.2162633115982158,0.42382240875914584,2.379958817752503
Kolkata Knight Riders,2024,SWEEP_SHOT,16,0.5467120173664175,0.6527915986371469,0.7104075235207045
Kolkata Knight Riders,2024,UPPER_CUT,14,0.49535405007184874,0.636030944533727,0.6590495562261357
Lucknow Super Giants,2023,COVER_DRIVE,210,-0.11012078559080954,0.18485937891238893,0.053574720563477424
Lucknow Super Giants,2023,CUT_SHOT,175,-0.26956916117346097,0.16476128499419354,-0.105873655019174
Lucknow Super Giants,2023,DAB,22,-0.3038912513717,0.1855100368486322,-0.14019574521741301
Lucknow Super Giants,2023,DEFENDED,124,-1.13814994007237,0.1314963318209819,-0.9744544339180831
Lucknow Super Giants,2023,FLICK,232,-0.17910953577989056,0.13162719826639754,-0.015414029625603592
Lucknow Super Giants,2023,HOOK,2,0.8996543847353138,2.422702312179993,1.0633498908896009
Lucknow Super Giants,2023,LATE_CUT,3,0.343088305662197,1.2355157218780586,0.506783811816484
Lucknow Super Giants,2023,LEFT_ALONE,30,-0.62565003229277,0.3986145039939712,-0.4619545261384831
Lucknow Super Giants,2023,LEG_GLANCE,24,0.24192718790956325,0.26613666929940355,0.4056226940638502
Lucknow Super Giants,2023,ON_DRIVE,261,-0.2849313836764901,0.18048589442875898,-0.12123587752220316
Lucknow Super Giants,2023,PADDLE_SWEEP,5,0.5476711131569758,1.035307729808373,0.7113666193112628
Lucknow Super Giants,2023,PULL,176,0.302132131002806,0.22531556904831027,0.46582763715709297
Lucknow Super Giants,2023,PUSH,137,-1.0303251654427164,0.19984012740341206,-0.8666296592884294
Lucknow Super Giants,2023,RAMP,3,-2.4614740041593213,0.4531314473975421,-2.297778498005034
Lucknow Super Giants,2023,REVERSE_PULL,1,-0.9430892020627297,,-0.7793936959084428
Lucknow Super Giants,2023,REVERSE_SCOOP,1,2.242108762655846,,2.405804268810133
Lucknow Super Giants,2023,REVERSE_SWEEP,15,-1.0906151231167998,0.6159248239274352,-0.9269196169625128
Lucknow Super Giants,2023,SLOG_SHOT,85,-0.38879945031976054,0.41396485742930456,-0.22510394416547358
Lucknow Super Giants,2023,SLOG_SWEEP,43,-0.9858535544546485,0.8557987666796416,-0.8221580483003615
Lucknow Super Giants,2023,SQUARE_DRIVE,60,-0.6606397770728516,0.3328861596045715,-0.49694427091856463
Lucknow Super Giants,2023,STEERED,47,-0.6762069652657137,0.49770398450516284,-0.5125114591114267
Lucknow Super Giants,2023,STRAIGHT_DRIVE,45,0.9901851357110856,0.38247930090209276,1.1538806418653724
Lucknow Super Giants,2023,SWEEP_SHOT,44,0.12027893494504034,0.38746839626943363,0.2839744410993273
Lucknow Super Giants,2023,UPPER_CUT,4,1.527518974736216,1.360119600489088,1.691214480890503
Lucknow Super Giants,2024,COVER_DRIVE,194,-0.004440834064409334,0.23055316684685165,0.15925467208987762
Lucknow Super Giants,2024,CUT_SHOT,181,-0.2784461591669899,0.17466538778979332,-0.11475065301270293
Lucknow Super Giants,2024,DAB,17,-0.36215466973845795,0.7071740966444614,-0.19845916358417098
Lucknow Super Giants,2024,DEFENDED,104,-1.4876737396733257,0.2657497745756343,-1.3239782335190386
Lucknow Super Giants,2024,FLICK,241,-0.3149343249869435,0.19133757444168606,-0.15123881883265655
Lucknow Super Giants,2024,HOOK,12,0.3470493973651278,0.5928826455476434,0.5107449035194147
Lucknow Super Giants,2024,LATE_CUT,3,1.8703120523828727,0.46268361565015836,2.0340075585371595
Lucknow Super Giants,2024,LEFT_ALONE,26,-1.0540615246815408,0.11892424726515062,-0.8903660185272538
Lucknow Super Giants,2024,LEG_GLANCE,12,0.9267212957508839,0.5264687061857825,1.090416801905171
Lucknow Super Giants,2024,ON_DRIVE,277,-0.23781397067361457,0.14943142557493175,-0.0741184645193276
Lucknow Super Giants,2024,PADDLE_SWEEP,5,0.5357601822401961,0.6666031768841657,0.699455688394483
Lucknow Super Giants,2024,PULL,188,0.0280926237721048,0.26683898659504185,0.19178812992639177
Lucknow Super Giants,2024,PUSH,100,-0.41222178163825285,0.07376750504019676,-0.24852627548396589
Lucknow Super Giants,2024,RAMP,3,3.602226713961476,0.9470023395624354,3.765922220115763
Lucknow Super Giants,2024,REVERSE_PULL,2,-1.2603616844059002,0.2675880159192092,-1.0966661782516134
Lucknow Super Giants,2024,REVERSE_SCOOP,1,-1.94039251733229,,-1.776697011178003
Lucknow Super Giants,2024,REVERSE_SWEEP,4,2.37754265707462,1.1184331653275204,2.541238163228907
Lucknow Super Giants,2024,SLOG_SHOT,53,-0.4397048638974803,0.651993635360065,-0.27600935774319335
Lucknow Super Giants,2024,SLOG_SWEEP,28,0.7759055854463704,0.5510255984378709,0.9396010916006574
Lucknow Super Giants,2024,SQUARE_DRIVE,61,0.007023740940150259,0.34380850050261214,0.17071924709443723
Lucknow Super Giants,2024,STEERED,42,-0.0863050717377415,0.1367165545678962,0.07739043441654546
Lucknow Super Giants,2024,STRAIGHT_DRIVE,42,0.8679809221220834,0.6947532741270757,1.0316764282763704
Lucknow Super Giants,2024,SWEEP_SHOT,39,-0.05753159137180931,0.4996073003680024,0.10616391478247765
Lucknow Super Giants,2024,UPPER_CUT,10,0.6318574312183113,1.1987671756976692,0.7955529373725982
Mumbai Indians,2023,COVER_DRIVE,234,-0.09835782832414976,0.1418679974241369,0.0653376778301372
Mumbai Indians,2023,CUT_SHOT,152,-0.10540306589814874,0.18584122088982033,0.05829244025613822
Mumbai Indians,2023,DAB,28,-0.9225497230923668,0.23866932479769454,-0.7588542169380799
Mumbai Indians,2023,DEFENDED,97,-1.4640801528670604,0.19310451272619447,-1.3003846467127733
Mumbai Indians,2023,FLICK,278,-0.047366225164333926,0.12131912042551805,0.11632928098995304
Mumbai Indians,2023,HOOK,12,2.248812269983135,0.8292447046897301,2.412507776137422
Mumbai Indians,2023,LEFT_ALONE,18,-1.8843878207552214,0.7361214029540932,-1.7206923146009343
Mumbai Indians,2023,LEG_GLANCE,20,0.031203188568147234,0.2653723222812538,0.1948986947224342
Mumbai Indians,2023,ON_DRIVE,279,0.04426399786877026,0.14483530504228614,0.20795950402305724
Mumbai Indians,2023,PADDLE_SWEEP,9,1.9131576537361654,0.6138683099361198,2.0768531598904523
Mumbai Indians,2023,PULL,187,0.47707561538513804,0.23838702215318405,0.640771121539425
Mumbai Indians,2023,PUSH,106,-1.0080095456477962,0.22003571950071624,-0.8443140394935092
Mumbai Indians,2023,RAMP,5,2.299226705359355,1.5170995435451946,2.462922211513642
Mumbai Indians,2023,REVERSE_SWEEP,16,0.8542318761677072,0.49462057230737577,1.0179273823219943
Mumbai Indians,2023,SLOG_SHOT,118,-0.7310062794605932,0.3693202263711856,-0.5673107733063062
Mumbai Indians,2023,SLOG_SWEEP,43,0.9388623104808682,0.550174758418751,1.102557816635155
Mumbai Indians,2023,SQUARE_DRIVE,46,-0.2513477528339284,0.5583785060839018,-0.08765224667964144
Mumbai Indians,2023,STEERED,71,-0.1198332785301056,0.20508279265950913,0.04386222762418136
Mumbai Indians,2023,STRAIGHT_DRIVE,52,0.9217537334322101,0.4551185305070554,1.085449239586497
Mumbai Indians,2023,SWEEP_SHOT,65,0.5713338135715735,0.3922427298703929,0.7350293197258605
Mumbai Indians,2023,UPPER_CUT,10,-2.0420766044350733,1.1214848873413255,-1.8783810982807863
Mumbai Indians,2024,COVER_DRIVE,176,-0.409686902584629,0.2573377906308858,-0.245991396430342
Mumbai Indians,2024,CUT_SHOT,113,-0.45897296760079265,0.30300741477830306,-0.2952774614465057
Mumbai Indians,2024,DAB,15,-0.8715164689286884,0.16008667131134108,-0.7078209627744014
Mumbai Indians,2024,DEFENDED,116,-1.0639611875358819,0.20328196887793792,-0.9002656813815949
Mumbai Indians,2024,FLICK,267,-0.006854766157429923,0.18070948145311524,0.15684073999685705
Mumbai Indians,2024,HOOK,12,0.6718043589278987,0.8766017590816518,0.8354998650821857
Mumbai Indians,2024,LATE_CUT,5,1.9359167338471734,0.7486774436453509,2.0996122400014605
Mumbai Indians,2024,LEFT_ALONE,23,-0.5024611811668561,0.22041434753002004,-0.33876567501256916
Mumbai Indians,2024,LEG_GLANCE,7,1.2018125601302185,0.6110571586827974,1.3655080662845056
Mumbai Indians,2024,ON_DRIVE,242,-0.27475045585220814,0.18069148182079797,-0.11105494969792118
Mumbai Indians,2024,PADDLE_SWEEP,5,1.3743928911897938,0.6704899958685948,1.5380883973440809
Mumbai Indians,2024,PULL,192,0.19584836335284314,0.23599967496197527,0.35954386950713013
Mumbai Indians,2024,PUSH,76,-0.734933545169424,0.08363486699421273,-0.571238039015137
Mumbai Indians,2024,RAMP,4,3.4692583225421814,0.4334719210165595,3.6329538286964684
Mumbai Indians,2024,REVERSE_SWEEP,13,0.7967946396439717,0.597234869943951,0.9604901457982586
Mumbai Indians,2024,SLOG_SHOT,54,-0.19092879481566968,0.6499483370078735,-0.02723328866138272
Mumbai Indians,2024,SLOG_SWEEP,20,0.3149971760842116,1.2662389600584407,0.4786926822384986
Mumbai Indians,2024,SQUARE_DRIVE,48,0.0476318339080161,0.22816073511852622,0.21132734006230305
Mumbai Indians,2024,STEERED,39,-0.6514720549701634,0.3827257994397647,-0.4877765488158764
Mumbai Indians,2024,STRAIGHT_DRIVE,35,1.456517075329075,0.37657569605212554,1.620212581483362
Mumbai Indians,2024,SWEEP_SHOT,35,0.3325229464389903,0.45001511799724475,0.49621845259327724
Mumbai Indians,2024,UPPER_CUT,13,-0.5228881702610058,1.2020593526373664,-0.3591926641067188
Punjab Kings,2023,COVER_DRIVE,174,0.11488062309110915,0.183020610561587,0.2785761292453961
Punjab Kings,2023,CUT_SHOT,123,-0.23203816008976447,0.24641032338890975,-0.0683426539354775
Punjab Kings,2023,DAB,14,-0.14635367875730512,0.3636291993770583,0.01734182739698184
Punjab Kings,2023,DEFENDED,96,-1.3930848148705615,0.24042287674710003,-1.2293893087162746
Punjab Kings,2023,FLICK,218,-0.4058311722009503,0.20042924271804097,-0.2421356660466633
Punjab Kings,2023,HOOK,3,0.6324880645356302,2.0058824839473854,0.7961835706899172
Punjab Kings,2023,LATE_CUT,5,-1.0377470197525596,1.7594942342632822,-0.8740515135982726
Punjab Kings,2023,LEFT_ALONE,27,-0.7345813765727541,0.2516394296462679,-0.5708858704184672
Punjab Kings,2023,LEG_GLANCE,14,0.589668426646149,0.5208263876041864,0.753363932800436
Punjab Kings,2023,ON_DRIVE,264,-0.29430256167578417,0.18197049443801652,-0.1306070555214972
Punjab Kings,2023,PADDLE_SWEEP,3,1.2522845159239846,1.251346908443509,1.4159800220782714
Punjab Kings,2023,PULL,158,0.8813170696144177,0.26625124001104883,1.0450125757687045
Punjab Kings,2023,PUSH,112,-0.8968065034518352,0.19746518058699042,-0.7331109972975483
Punjab Kings,2023,RAMP,11,0.28984436240583733,0.792594532385715,0.4535398685601243
Punjab Kings,2023,REVERSE_PULL,1,2.7698799013941198,,2.933575407548407
Punjab Kings,2023,REVERSE_SCOOP,2,0.2850301965732367,2.3591439853161287,0.44872570272752366
Punjab Kings,2023,REVERSE_SWEEP,18,0.720342063234609,0.5208609972830048,0.884037569388896
Punjab Kings,2023,SLOG_SHOT,112,-0.5925145599253762,0.3410860292233001,-0.4288190537710892
Punjab Kings,2023,SLOG_SWEEP,31,-0.17911190281617118,0.7038147760180132,-0.015416396661884213
Punjab Kings,2023,SQUARE_DRIVE,41,0.8022085603722094,0.2735315206272547,0.9659040665264964
Punjab Kings,2023,STEERED,34,-0.35223307089750466,0.43808926434882717,-0.1885375647432177
Punjab Kings,2023,STRAIGHT_DRIVE,50,0.6214443377373392,0.6009558667234647,0.7851398438916262
Punjab Kings,2023,SWEEP_SHOT,31,-0.7305954239958212,0.7579638335649426,-0.5668999178415343
Punjab Kings,2023,UPPER_CUT,4,-6.89456686870939,5.524080878497696,-6.730871362555103
Punjab Kings,2024,COVER_DRIVE,192,0.14286222635283144,0.17510639010357545,0.3065577325071184
Punjab Kings,2024,CUT_SHOT,171,-0.3617101858851464,0.18697992788599246,-0.19801467973085946
Punjab Kings,2024,DAB,24,-0.7364432251869625,0.2525341934333959,-0.5727477190326755
Punjab Kings,2024,DEFENDED,115,-1.3645922460224724,0.2389891777731677,-1.2008967398681856
Punjab Kings,2024,FLICK,295,-0.36666306796281534,0.17429032435112668,-0.20296756180852837
Punjab Kings,2024,HOOK,13,0.40881316328508094,1.2245257327049928,0.572508669439368
Punjab Kings,2024,LATE_CUT,6,1.7939379864140363,0.4840551356767272,1.9576334925683234
Punjab Kings,2024,LEFT_ALONE,39,-0.4904067386488602,0.25674706722739504,-0.32671123249457323
Punjab Kings,2024,LEG_GLANCE,7,0.5284584200329502,0.5599959027467343,0.6921539261872371
Punjab Kings,2024,ON_DRIVE,214,-0.06777380864132246,0.193309616302269,0.0959216975129645
Punjab Kings,2024,PADDLE_SWEEP,2,1.2566088265216138,1.2160534399350524,1.4203043326759008
Punjab Kings,2024,PULL,203,0.28712168009612266,0.27412628601460926,0.4508171862504096
Punjab Kings,2024,PUSH,88,-0.6924167694320528,0.17145582325644126,-0.5287212632777658
Punjab Kings,2024,RAMP,7,0.6634012058742219,0.833552008861362,0.8270967120285089
Punjab Kings,2024,REVERSE_SCOOP,1,5.142736377824569,,5.306431883978856
Punjab Kings,2024,REVERSE_SWEEP,7,-0.21541262864032262,1.642248731693137,-0.05171712248603566
Punjab Kings,2024,SLOG_SHOT,47,-1.9009406575672931,0.673775077434166,-1.7372451514130063
Punjab Kings,2024,SLOG_SWEEP,26,0.44654927338373523,1.0118776461146006,0.6102447795380221
Punjab Kings,2024,SQUARE_DRIVE,33,0.16901882425969345,0.40394082113752644,0.3327143304139804
Punjab Kings,2024,STEERED,40,-0.19720160151247274,0.164388403896518,-0.03350609535818577
Punjab Kings,2024,STRAIGHT_DRIVE,37,0.7912589283268741,0.5963575745485923,0.954954434481161
Punjab Kings,2024,SWEEP_SHOT,36,0.920339123429231,0.42170572524977024,1.084034629583518
Punjab Kings,2024,UPPER_CUT,18,1.4762967305124033,0.6394389308305487,1.6399922366666901
Rajasthan Royals,2023,COVER_DRIVE,199,0.10915824059615567,0.1810755640214752,0.2728537467504426
Rajasthan Royals,2023,CUT_SHOT,193,-0.4024954417360006,0.1772998261313778,-0.23879993558171364
Rajasthan Royals,2023,DAB,22,-0.4411694196076061,0.1404269352203646,-0.2774739134533191
Rajasthan Royals,2023,DEFENDED,82,-1.6477793029866008,0.2921984895831891,-1.484083796832314
Rajasthan Royals,2023,FLICK,236,-0.2787591043097184,0.1705734351078845,-0.11506359815543143
Rajasthan Royals,2023,HOOK,3,2.9221776979157355,1.7665133788872815,3.0858732040700225
Rajasthan Royals,2023,LATE_CUT,2,1.1337949602559476,1.9194121830859459,1.2974904664102347
Rajasthan Royals,2023,LEFT_ALONE,24,-1.0810022895482618,0.11177054734873478,-0.9173067833939749
Rajasthan Royals,2023,LEG_GLANCE,25,0.43315903939116285,0.30771338458896175,0.5968545455454498
Rajasthan Royals,2023,ON_DRIVE,213,0.03842056478834741,0.1953068238718553,0.20211607094263437
Rajasthan Royals,2023,PADDLE_AWAY,1,-1.4248902149924874,,-1.2611947088382003
Rajasthan Royals,2023,PADDLE_SWEEP,1,-0.7115605827593541,,-0.5478650766050671
Rajasthan Royals,2023,PULL,154,0.7778242970105517,0.2904235463935551,0.9415198031648386
Rajasthan Royals,2023,PUSH,97,-0.7104482221689965,0.08231860731626063,-0.5467527160147095
Rajasthan Royals,2023,RAMP,1,-1.0736889659547444,,-0.9099934598004574
Rajasthan Royals,2023,REVERSE_PULL,1,-2.1232419087756504,,-1.9595464026213634
Rajasthan Royals,2023,REVERSE_SCOOP,3,0.16746433424027854,1.287108393583976,0.3311598403945655
Rajasthan Royals,2023,REVERSE_SWEEP,22,0.2813382662446307,0.5339065875648942,0.44503377239891767
Rajasthan Royals,2023,SLOG_SHOT,102,-0.7005481427276166,0.372446650850162,-0.5368526365733296
Rajasthan Royals,2023,SLOG_SWEEP,15,-1.3566923843300442,0.9856654357817318,-1.1929968781757574
Rajasthan Royals,2023,SQUARE_DRIVE,42,0.4234546519449086,0.24635206267314932,0.5871501580991956
Rajasthan Royals,2023,STEERED,59,-0.6136084135080861,0.32219215311014726,-0.4499129073537992
Rajasthan Royals,2023,STRAIGHT_DRIVE,30,0.12413034163369936,0.5056593494026717,0.2878258477879863
Rajasthan Royals,2023,SWEEP_SHOT,23,0.6315832292789897,0.41518633508862235,0.7952787354332767
Rajasthan Royals,2023,UPPER_CUT,3,1.5663078385299798,1.2633470033655607,1.7300033446842669
Rajasthan Royals,2024,COVER_DRIVE,230,0.06743443668241507,0.15810924752032252,0.23112994283670202
Rajasthan Royals,2024,CUT_SHOT,137,-0.540067761642048,0.2546294665592279,-0.376372255487761
Rajasthan Royals,2024,DAB,17,-0.9650328147214813,0.18329917862013506,-0.8013373085671943
Rajasthan Royals,2024,DEFENDED,105,-1.1267006802383288,0.15060661716721382,-0.9630051740840418
Rajasthan Royals,2024,FLICK,283,-0.17955089182768713,0.11747009875656403,-0.01585538567340017
Rajasthan Royals,2024,HOOK,19,-0.17793944439602297,0.6222290838101074,-0.014243938241736004
Rajasthan Royals,2024,LATE_CUT,5,0.38885460991155724,0.920647802174663,0.5525501160658441
Rajasthan Royals,2024,LEFT_ALONE,28,-0.9093603780683048,0.16485186500130566,-0.7456648719140179
Rajasthan Royals,2024,LEG_GLANCE,12,0.6539128845238665,0.3814715218085909,0.8176083906781535
Rajasthan Royals,2024,ON_DRIVE,305,-0.05765737274306238,0.12649826790857044,0.10603813341122459
Rajasthan Royals,2024,PADDLE_SWEEP,1,2.9600848635065233,,3.1237803696608104
Rajasthan Royals,2024,PULL,209,0.4489356404164392,0.23758783494264635,0.6126311465707261
Rajasthan Royals,2024,PUSH,108,-0.7638233917737196,0.1625451825736647,-0.6001278856194326
Rajasthan Royals,2024,RAMP,9,0.512795666001472,0.782582797941287,0.6764911721557589
Rajasthan Royals,2024,REVERSE_PULL,1,2.974393301995285,,3.138088808149572
Rajasthan Royals,2024,REVERSE_SWEEP,17,0.12540555067160336,0.8297480426971641,0.2891010568258903
Rajasthan Royals,2024,SLOG_SHOT,60,-0.5101005198062204,0.5772623751780787,-0.34640501365193344
Rajasthan Royals,2024,SLOG_SWEEP,10,1.531539822335461,1.4508587012211562,1.6952353284897481
Rajasthan Royals,2024,SQUARE_DRIVE,78,0.019648886423906217,0.1584080737080599,0.18334439257819318
Rajasthan Royals,2024,STEERED,59,0.15617887944644282,0.1922457071166489,0.3198743856007298
Rajasthan Royals,2024,STRAIGHT_DRIVE,33,0.7490837133347266,0.5305326987598671,0.9127792194890135
Rajasthan Royals,2024,SWEEP_SHOT,10,-0.1854751268900671,0.705552929451269,-0.02177962073578013
Rajasthan Royals,2024,UPPER_CUT,6,-0.5975831297149709,0.7023306903164956,-0.4338876235606839
Royal Challengers Bengaluru,2023,COVER_DRIVE,201,-0.10906916286324787,0.1527170567910274,0.05462634329103909
Royal Challengers Bengaluru,2023,CUT_SHOT,130,0.05820587092904691,0.15867001320707516,0.22190137708333388
Royal Challengers Bengaluru,2023,DAB,25,-0.5099701811563025,0.13423992186699354,-0.3462746750020156
Royal Challengers Bengaluru,2023,DEFENDED,75,-1.2653016175839533,0.09662453608087207,-1.1016061114296662
Royal Challengers Bengaluru,2023,FLICK,307,-0.1532414865057268,0.09963620113631552,0.010454019648560159
Royal Challengers Bengaluru,2023,HOOK,4,-5.814486501895479,3.2185783336184155,-5.650790995741192
Royal Challengers Bengaluru,2023,LATE_CUT,1,-0.7067424738944084,,-0.5430469677401214
Royal Challengers Bengaluru,2023,LEFT_ALONE,15,-0.8292369253055213,0.27277948336763597,-0.6655414191512343
Royal Challengers Bengaluru,2023,LEG_GLANCE,28,-0.13014603595419286,0.1864321729528854,0.033549470200094106
Royal Challengers Bengaluru,2023,ON_DRIVE,253,-0.08746337664066882,0.13049305194520414,0.07623212951361814
Royal Challengers Bengaluru,2023,PADDLE_SWEEP,4,-0.36551112942436736,0.320337965951374,-0.2018156232700804
Royal Challengers Bengaluru,2023,PULL,155,0.5768139203196803,0.2599651988650348,0.7405094264739672
Royal Challengers Bengaluru,2023,PUSH,102,-0.6323582082748576,0.07062367802876222,-0.4686627021205706
Royal Challengers Bengaluru,2023,RAMP,3,-4.454895094778539,5.398784287993492,-4.291199588624252
Royal Challengers Bengaluru,2023,REVERSE_PULL,1,2.421796464479428,,2.585491970633715
Royal Challengers Bengaluru,2023,REVERSE_SCOOP,6,0.8426648475221565,1.143182489295845,1.0063603536764436
Royal Challengers Bengaluru,2023,REVERSE_SWEEP,23,-0.9912401622946811,0.828463135291639,-0.8275446561403942
Royal Challengers Bengaluru,2023,SLOG_SHOT,125,-0.41497059873182246,0.3739115679060795,-0.2512750925775355
Royal Challengers Bengaluru,2023,SLOG_SWEEP,32,0.25821977285457676,0.6987519847003171,0.4219152790088637
Royal Challengers Bengaluru,2023,SQUARE_DRIVE,40,0.1182812432708364,0.3040006694972342,0.28197674942512335
Royal Challengers Bengaluru,2023,STEERED,37,-0.11080918816806001,0.2091525999622371,0.05288631798622695
Royal Challengers Bengaluru,2023,STRAIGHT_DRIVE,40,1.1811166312098578,0.4120891552159688,1.3448121373641446
Royal Challengers Bengaluru,2023,SWEEP_SHOT,20,0.23645092769808412,0.739771201230814,0.4001464338523711
Royal Challengers Bengaluru,2023,UPPER_CUT,8,0.6015694516536807,0.972363414983062,0.7652649578079677
Royal Challengers Bengaluru,2024,COVER_DRIVE,205,0.24000140567568043,0.12870016277547197,0.40369691182996736
Royal Challengers Bengaluru,2024,CUT_SHOT,122,-0.4963574999193779,0.23446944923772275,-0.3326619937650909
Royal Challengers Bengaluru,2024,DAB,26,-0.32826041066315403,0.17094991167953316,-0.16456490450886707
Royal Challengers Bengaluru,2024,DEFENDED,62,-1.237379818141043,0.20346343920170581,-1.073684311986756
Royal Challengers Bengaluru,2024,FLICK,287,-0.2051569893775998,0.16004233113002517,-0.041461483223312834
Royal Challengers Bengaluru,2024,HOOK,19,-0.11090565632453955,1.100401739559744,0.05278984982974741
Royal Challengers Bengaluru,2024,LATE_CUT,1,-0.991900556231613,,-0.828205050077326
Royal Challengers Bengaluru,2024,LEFT_ALONE,28,-0.9154119841727056,0.10707567186802573,-0.7517164780184187
Royal Challengers Bengaluru,2024,LEG_GLANCE,10,0.5956467222469002,0.5454950089809415,0.7593422284011871
Royal Challengers Bengaluru,2024,ON_DRIVE,289,-0.11419404715427023,0.15628436248200403,0.049501459000016734
Royal Challengers Bengaluru,2024,PADDLE_SWEEP,2,0.22535917988297172,0.825777116758772,0.3890546860372587
Royal Challengers Bengaluru,2024,PULL,180,0.10284765885465973,0.24627673579747986,0.2665431650089467
Royal Challengers Bengaluru,2024,PUSH,96,-0.7272559895577332,0.06550511665977687,-0.5635604834034462
Royal Challengers Bengaluru,2024,RAMP,5,-1.6543383422797102,3.017065482284742,-1.4906428361254234
Royal Challengers Bengaluru,2024,REVERSE_PULL,1,1.5200088914372678,,1.6837043975915549
Royal Challengers Bengaluru,2024,REVERSE_SCOOP,9,1.2229222902102166,0.7475650321254435,1.3866177963645034
Royal Challengers Bengaluru,2024,REVERSE_SWEEP,8,0.7039710244453996,0.6957344326487761,0.8676665305996866
Royal Challengers Bengaluru,2024,SLOG_SHOT,103,0.004154150462110048,0.40883777049874154,0.167849656616397
Royal Challengers Bengaluru,2024,SLOG_SWEEP,52,1.8875052093627454,0.46171424558152485,2.0512007155170324
Royal Challengers Bengaluru,2024,SQUARE_DRIVE,74,-0.5935152804973116,0.40488939514294764,-0.42981977434302465
Royal Challengers Bengaluru,2024,STEERED,55,-0.4733180735171252,0.2848962385216031,-0.3096225673628382
Royal Challengers Bengaluru,2024,STRAIGHT_DRIVE,46,1.257387395845301,0.4609465276230394,1.421082901999588
Royal Challengers Bengaluru,2024,SWEEP_SHOT,34,0.457325776302115,0.42708949251560013,0.621021282456402
Royal Challengers Bengaluru,2024,UPPER_CUT,12,0.31872422313969073,1.206849143907501,0.4824197292939777
Sunrisers Hyderabad,2023,COVER_DRIVE,206,-0.019260208251232175,0.20844284493995474,0.1444352979030548
Sunrisers Hyderabad,2023,CUT_SHOT,160,-0.3026262037537266,0.21001507515479786,-0.13893069759943966
Sunrisers Hyderabad,2023,DAB,32,-1.0412552472018612,0.5042227422283991,-0.8775597410475743
Sunrisers Hyderabad,2023,DEFENDED,96,-1.2133713986280152,0.17906136318308477,-1.0496758924737284
Sunrisers Hyderabad,2023,FLICK,259,-0.19497559567719347,0.11391819384569297,-0.03128008952290651
Sunrisers Hyderabad,2023,HOOK,6,-3.513714414563397,2.9798233791686974,-3.35001890840911
Sunrisers Hyderabad,2023,LEFT_ALONE,24,-1.4238009327644565,0.43077292903032305,-1.2601054266101697
Sunrisers Hyderabad,2023,LEG_GLANCE,6,-0.5006882543151457,0.21038606427759388,-0.3369927481608588
Sunrisers Hyderabad,2023,ON_DRIVE,280,-0.1818450289429255,0.13069245305978508,-0.018149522788638545
Sunrisers Hyderabad,2023,PADDLE_SWEEP,1,2.991753480919158,,3.155448987073445
Sunrisers Hyderabad,2023,PULL,158,0.03663739638044503,0.27799382452472277,0.200332902534732
Sunrisers Hyderabad,2023,PUSH,105,-0.830287121802088,0.12890028625801733,-0.666591615647801
Sunrisers Hyderabad,2023,RAMP,5,1.2309307717290097,1.5400690549061622,1.3946262778832965
Sunrisers Hyderabad,2023,REVERSE_SCOOP,3,-0.8907682699198413,1.5419842148356506,-0.7270727637655543
Sunrisers Hyderabad,2023,REVERSE_SWEEP,21,0.12091819725649716,0.5264258172997068,0.2846137034107841
Sunrisers Hyderabad,2023,SLOG_SHOT,83,-0.06192153285857016,0.4031708882919685,0.1017739732957168
Sunrisers Hyderabad,2023,SLOG_SWEEP,31,0.01004045570383546,0.8467920104898903,0.17373596185812243
Sunrisers Hyderabad,2023,SQUARE_DRIVE,45,0.5456450079320418,0.3647513023531875,0.7093405140863288
Sunrisers Hyderabad,2023,STEERED,49,-0.03415315618761501,0.33050207928214986,0.12954234996667197
Sunrisers Hyderabad,2023,STRAIGHT_DRIVE,48,1.0141796747992622,0.4688658309474227,1.1778751809535493
Sunrisers Hyderabad,2023,SWEEP_SHOT,34,-0.11509140649060215,0.5542009694908632,0.04860409966368481
Sunrisers Hyderabad,2023,UPPER_CUT,6,-1.233573178621164,1.2853949487005571,-1.0698776724668768
Sunrisers Hyderabad,2024,COVER_DRIVE,246,-0.42486074488583225,0.1973974845515005,-0.2611652387315453
Sunrisers Hyderabad,2024,CUT_SHOT,167,0.006676134072816004,0.12549006523044706,0.17037164022710297
Sunrisers Hyderabad,2024,DAB,20,-0.06712979058952798,0.21782888760315505,0.09656571556475899
Sunrisers Hyderabad,2024,DEFENDED,89,-1.730016262365709,0.34091777061887163,-1.566320756211422
Sunrisers Hyderabad,2024,FLICK,261,-0.04939276719962171,0.133693210463797,0.11430273895466525
Sunrisers Hyderabad,2024,HOOK,12,0.8875203811080566,1.1421380297070025,1.0512158872623436
Sunrisers Hyderabad,2024,LATE_CUT,5,0.8739873501834907,0.6243737261743175,1.0376828563377778
Sunrisers Hyderabad,2024,LEFT_ALONE,37,-0.7827179223140011,0.16847622140886573,-0.6190224161597141
Sunrisers Hyderabad,2024,LEG_GLANCE,12,0.858187747857524,0.4290068405628174,1.021883254011811
Sunrisers Hyderabad,2024,ON_DRIVE,276,-0.07285627888405041,0.16380599266382742,0.09083922727023655
Sunrisers Hyderabad,2024,PADDLE_SWEEP,2,0.8625457105695986,1.9740599021870864,1.0262412167238857
Sunrisers Hyderabad,2024,PULL,203,0.5632475692461311,0.24808441898594288,0.726943075400418
Sunrisers Hyderabad,2024,PUSH,92,-1.0193548427189194,0.25495546511318284,-0.8556593365646324
Sunrisers Hyderabad,2024,RAMP,6,-1.7191807678372104,2.2721110827587614,-1.5554852616829233
Sunrisers Hyderabad,2024,REVERSE_PULL,2,1.97883654303949,3.1310709083989092,2.142532049193777
Sunrisers Hyderabad,2024,REVERSE_SCOOP,1,1.3611840379488953,,1.5248795441031824
Sunrisers Hyderabad,2024,REVERSE_SWEEP,22,-0.9459296858674923,0.9989080700544788,-0.7822341797132053
Sunrisers Hyderabad,2024,SLOG_SHOT,97,-0.19088307895543466,0.4829437293164908,-0.027187572801147697
Sunrisers Hyderabad,2024,SLOG_SWEEP,32,0.2454284637288393,0.9555040253016485,0.40912396988312627
Sunrisers Hyderabad,2024,SQUARE_DRIVE,76,0.09782660483132266,0.3223706907479224,0.2615221109856096
Sunrisers Hyderabad,2024,STEERED,67,-0.08260741373264661,0.14581513945497748,0.08108809242164035
Sunrisers Hyderabad,2024,STRAIGHT_DRIVE,60,1.1529285502193114,0.5099276315379605,1.3166240563735983
Sunrisers Hyderabad,2024,SWEEP_SHOT,25,-0.2304401729448513,0.5616917399026196,-0.06674466679056434
Sunrisers Hyderabad,2024,UPPER_CUT,17,-2.613334398673768,1.6402149309306788,-2.4496388925194807
