team,year,balls,total_impact,impact_per_100_balls,impact_vs_mean_per_100
Chennai Super Kings,2023,1659,-252.40608991326647,-15.214351411287913,1.155199204140784
Chennai Super Kings,2024,1652,-271.5371887583372,-16.43687583282913,-0.06732521740043396
Delhi Capitals,2023,1662,-558.5984260866204,-33.610013603286426,-17.24046298785773
Delhi Capitals,2024,1582,-348.09888649293674,-22.00372228147514,-5.634171666046445
Gujarat Titans,2023,1861,-249.3299261969012,-13.397631713965675,2.971918901463022
Gujarat Titans,2024,1415,-367.5628671674517,-25.976174358123796,-9.606623742695099
Kolkata Knight Riders,2023,1559,-323.3460439922435,-20.740605772433835,-4.371055157005138
Kolkata Knight Riders,2024,1411,-24.904192423993283,-1.7650030066614657,14.60454760876723
Lucknow Super Giants,2023,1760,-536.9893232297921,-30.510757001692735,-14.141206386264038
Lucknow Super Giants,2024,1650,-342.4349387002008,-20.753632648497017,-4.384082033068321
Mumbai Indians,2023,1864,-207.07807643316005,-11.109338864439918,5.260211750988779
Mumbai Indians,2024,1517,-271.16543539561525,-17.875111100567914,-1.5055604851392168
Punjab Kings,2023,1559,-320.0885691489543,-20.531659342460188,-4.162108727031491
Punjab Kings,2024,1631,-306.41806645096887,-18.787128537766332,-2.4175779223376352
Rajasthan Royals,2023,1567,-288.92822377749087,-18.438304006221497,-2.0687533907928
Rajasthan Royals,2024,1754,-249.90147783569586,-14.247518690746627,2.1220319246820694
Royal Challengers Bengaluru,2023,1644,-233.08453861009679,-14.177891642949927,2.19165897247877
Royal Challengers Bengaluru,2024,1734,-130.00577554242446,-7.497449569920672,8.872101045508025
Sunrisers Hyderabad,2023,1674,-392.2846121090716,-23.433967270553858,-7.064416655125161
Sunrisers Hyderabad,2024,1835,-274.95567490650745,-14.983960485368254,1.385590130060443
