team,year,length,line,balls,impact,impact_vs_mean
Chennai Super Kings,2023,FULL,DOWN_LEG,20,-0.3993465805608044,-0.5686683960628028
Chennai Super Kings,2023,FULL,ON_THE_STUMPS,155,0.01462985992269687,-0.15469195557930154
Chennai Super Kings,2023,FULL,OUTSIDE_OFFSTUMP,217,0.006114888887524122,-0.16320692661447428
Chennai Super Kings,2023,FULL,WIDE_OUTSIDE_OFFSTUMP,56,0.15616734043861005,-0.013154475063388349
Chennai Super Kings,2023,FULL_TOSS,DOWN_LEG,5,-0.27299446443920805,-0.4423162799412065
Chennai Super Kings,2023,FULL_TOSS,ON_THE_STUMPS,18,-0.4678035062108945,-0.6371253217128929
Chennai Super Kings,2023,FULL_TOSS,OUTSIDE_OFFSTUMP,31,-0.18380229541867082,-0.3531241109206692
Chennai Super Kings,2023,FULL_TOSS,WIDE_OUTSIDE_OFFSTUMP,19,-0.572479191101381,-0.7418010066033794
Chennai Super Kings,2023,GOOD_LENGTH,DOWN_LEG,31,0.5698761944045339,0.4005543789025354
Chennai Super Kings,2023,GOOD_LENGTH,ON_THE_STUMPS,329,0.4508536220799402,0.28153180657794175
Chennai Super Kings,2023,GOOD_LENGTH,OUTSIDE_OFFSTUMP,374,0.49826031176561303,0.3289384962636146
Chennai Super Kings,2023,GOOD_LENGTH,WIDE_DOWN_LEG,1,-1.6190054250223271,-1.7883272405243256
Chennai Super Kings,2023,GOOD_LENGTH,WIDE_OUTSIDE_OFFSTUMP,19,0.2794162163877286,0.11009440088573022
Chennai Super Kings,2023,SHORT,DOWN_LEG,4,-3.3678591797002717,-3.53718099520227
Chennai Super Kings,2023,SHORT,ON_THE_STUMPS,32,0.05641526569199523,-0.11290654981000317
Chennai Super Kings,2023,SHORT,OUTSIDE_OFFSTUMP,52,0.05427846773708747,-0.11504334776491093
Chennai Super Kings,2023,SHORT,WIDE_OUTSIDE_OFFSTUMP,3,-0.9871329375880364,-1.1564547530900349
Chennai Super Kings,2023,SHORT_OF_A_GOOD_LENGTH,DOWN_LEG,11,-0.37696561026556,-0.5462874257675584
Chennai Super Kings,2023,SHORT_OF_A_GOOD_LENGTH,ON_THE_STUMPS,133,0.7798112607261372,0.6104894452241387
Chennai Super Kings,2023,SHORT_OF_A_GOOD_LENGTH,OUTSIDE_OFFSTUMP,196,0.33255918990213335,0.16323737440013494
Chennai Super Kings,2023,SHORT_OF_A_GOOD_LENGTH,WIDE_OUTSIDE_OFFSTUMP,13,0.19234898911469075,0.023027173612692353
Chennai Super Kings,2023,YORKER,DOWN_LEG,7,-0.32493547654543214,-0.4942572920474305
Chennai Super Kings,2023,YORKER,ON_THE_STUMPS,26,1.054234551673858,0.8849127361718596
Chennai Super Kings,2023,YORKER,OUTSIDE_OFFSTUMP,20,1.57166844694244,1.4023466314404416
Chennai Super Kings,2023,YORKER,WIDE_OUTSIDE_OFFSTUMP,11,0.9673501768647266,0.7980283613627281
Chennai Super Kings,2024,FULL,DOWN_LEG,20,0.004964527690937892,-0.16435728781106052
Chennai Super Kings,2024,FULL,ON_THE_STUMPS,133,-0.03355622760802257,-0.20287804311002097
Chennai Super Kings,2024,FULL,OUTSIDE_OFFSTUMP,156,-0.17986549476283656,-0.34918731026483496
Chennai Super Kings,2024,FULL,WIDE_OUTSIDE_OFFSTUMP,40,0.7514582288631262,0.5821364133611278
Chennai Super Kings,2024,FULL_TOSS,DOWN_LEG,7,-0.13992134199110115,-0.30924315749309955
Chennai Super Kings,2024,FULL_TOSS,ON_THE_STUMPS,26,-0.10046522290926937,-0.2697870384112678
Chennai Super Kings,2024,FULL_TOSS,OUTSIDE_OFFSTUMP,35,-0.7263101730864693,-0.8956319885884677
Chennai Super Kings,2024,FULL_TOSS,WIDE_OUTSIDE_OFFSTUMP,19,-0.2574221836681579,-0.42674399917015626
Chennai Super Kings,2024,GOOD_LENGTH,DOWN_LEG,38,0.7037504858090879,0.5344286703070895
Chennai Super Kings,2024,GOOD_LENGTH,ON_THE_STUMPS,244,0.3851157174221778,0.21579390192017942
Chennai Super Kings,2024,GOOD_LENGTH,OUTSIDE_OFFSTUMP,311,0.6259451599011233,0.4566233443991249
Chennai Super Kings,2024,GOOD_LENGTH,WIDE_OUTSIDE_OFFSTUMP,13,0.6698432859818806,0.5005214704798822
Chennai Super Kings,2024,SHORT,DOWN_LEG,24,-0.42887723340026557,-0.5981990489022639
Chennai Super Kings,2024,SHORT,ON_THE_STUMPS,37,0.41584733137348134,0.24652551587148294
Chennai Super Kings,2024,SHORT,OUTSIDE_OFFSTUMP,90,0.21857762166469438,0.04925580616269598
Chennai Super Kings,2024,SHORT,WIDE_OUTSIDE_OFFSTUMP,5,-1.0256194095785183,-1.1949412250805167
Chennai Super Kings,2024,SHORT_OF_A_GOOD_LENGTH,DOWN_LEG,30,-0.31119802082983505,-0.4805198363318335
Chennai Super Kings,2024,SHORT_OF_A_GOOD_LENGTH,ON_THE_STUMPS,124,-0.10100821549535803,-0.2703300309973564
Chennai Super Kings,2024,SHORT_OF_A_GOOD_LENGTH,OUTSIDE_OFFSTUMP,238,0.15719085086060058,-0.012130964641397818
Chennai Super Kings,2024,SHORT_OF_A_GOOD_LENGTH,WIDE_OUTSIDE_OFFSTUMP,7,-0.08957776445265202,-0.2588995799546504
Chennai Super Kings,2024,YORKER,DOWN_LEG,9,1.4287122546973672,1.2593904391953687
Chennai Super Kings,2024,YORKER,ON_THE_STUMPS,16,1.5775836651615645,1.408261849659566
Chennai Super Kings,2024,YORKER,OUTSIDE_OFFSTUMP,14,0.7005112051975916,0.5311893896955932
Chennai Super Kings,2024,YORKER,WIDE_OUTSIDE_OFFSTUMP,14,0.9978306068021671,0.8285087913001686
Delhi Capitals,2023,FULL,DOWN_LEG,35,-0.29921930060161406,-0.4685411161036125
Delhi Capitals,2023,FULL,ON_THE_STUMPS,149,0.08486138206540474,-0.08446043343659367
Delhi Capitals,2023,FULL,OUTSIDE_OFFSTUMP,173,0.008965573147545026,-0.16035624235445337
Delhi Capitals,2023,FULL,WIDE_OUTSIDE_OFFSTUMP,18,-0.32112324744177506,-0.49044506294377344
Delhi Capitals,2023,FULL_TOSS,DOWN_LEG,10,-0.25135262835396566,-0.4206744438559641
Delhi Capitals,2023,FULL_TOSS,ON_THE_STUMPS,39,-0.4417659739329976,-0.611087789434996
Delhi Capitals,2023,FULL_TOSS,OUTSIDE_OFFSTUMP,26,0.12609162667865562,-0.043230188823342786
Delhi Capitals,2023,FULL_TOSS,WIDE_OUTSIDE_OFFSTUMP,11,-1.2946065860238443,-1.4639284015258427
Delhi Capitals,2023,GOOD_LENGTH,DOWN_LEG,38,0.029228936791755745,-0.14009287871024265
Delhi Capitals,2023,GOOD_LENGTH,ON_THE_STUMPS,286,0.3037490392870986,0.13442722378510022
Delhi Capitals,2023,GOOD_LENGTH,OUTSIDE_OFFSTUMP,321,0.4492498469630509,0.2799280314610525
Delhi Capitals,2023,GOOD_LENGTH,WIDE_OUTSIDE_OFFSTUMP,13,-0.2977145680644159,-0.4670363835664143
Delhi Capitals,2023,SHORT,DOWN_LEG,8,-0.9377968511308161,-1.1071186666328146
Delhi Capitals,2023,SHORT,ON_THE_STUMPS,25,0.2108225403050291,0.041500724803030686
Delhi Capitals,2023,SHORT,OUTSIDE_OFFSTUMP,50,0.6425491882069108,0.47322737270491233
Delhi Capitals,2023,SHORT,WIDE_OUTSIDE_OFFSTUMP,3,-2.9791993005124575,-3.148521116014456
Delhi Capitals,2023,SHORT_OF_A_GOOD_LENGTH,DOWN_LEG,20,-0.41841712049036384,-0.5877389359923623
Delhi Capitals,2023,SHORT_OF_A_GOOD_LENGTH,ON_THE_STUMPS,109,0.1438768588762854,-0.025444956625713
Delhi Capitals,2023,SHORT_OF_A_GOOD_LENGTH,OUTSIDE_OFFSTUMP,261,0.2210646030299675,0.0517427875279691
Delhi Capitals,2023,SHORT_OF_A_GOOD_LENGTH,WIDE_OUTSIDE_OFFSTUMP,14,-0.8807751928224646,-1.050097008324463
Delhi Capitals,2023,YORKER,DOWN_LEG,20,0.9687208271196202,0.7993990116176217
Delhi Capitals,2023,YORKER,ON_THE_STUMPS,30,1.147189885475589,0.9778680699735907
Delhi Capitals,2023,YORKER,OUTSIDE_OFFSTUMP,16,1.4217698411680941,1.2524480256660957
Delhi Capitals,2023,YORKER,WIDE_OUTSIDE_OFFSTUMP,3,0.6620034793560999,0.4926816638541015
Delhi Capitals,2024,FULL,DOWN_LEG,18,-0.8019034812808985,-0.9712252967828969
Delhi Capitals,2024,FULL,ON_THE_STUMPS,150,-0.1357649231502837,-0.3050867386522821
Delhi Capitals,2024,FULL,OUTSIDE_OFFSTUMP,201,-0.04480209773281471,-0.2141239132348131
Delhi Capitals,2024,FULL,WIDE_OUTSIDE_OFFSTUMP,38,-0.1284592594237822,-0.2977810749257806
Delhi Capitals,2024,FULL_TOSS,DOWN_LEG,6,-0.5580261698872316,-0.7273479853892301
Delhi Capitals,2024,FULL_TOSS,ON_THE_STUMPS,33,-0.5334004576525505,-0.7027222731545489
Delhi Capitals,2024,FULL_TOSS,OUTSIDE_OFFSTUMP,42,-0.3848899600997691,-0.5542117756017675
Delhi Capitals,2024,FULL_TOSS,WIDE_OUTSIDE_OFFSTUMP,17,-0.8065466920132969,-0.9758685075152953
Delhi Capitals,2024,GOOD_LENGTH,DOWN_LEG,34,-0.6091647332659907,-0.7784865487679892
Delhi Capitals,2024,GOOD_LENGTH,ON_THE_STUMPS,218,0.4358715631509163,0.2665497476489179
Delhi Capitals,2024,GOOD_LENGTH,OUTSIDE_OFFSTUMP,362,0.6650311682423474,0.495709352740349
Delhi Capitals,2024,GOOD_LENGTH,WIDE_DOWN_LEG,1,1.1569275576653695,0.987605742163371
Delhi Capitals,2024,GOOD_LENGTH,WIDE_OUTSIDE_OFFSTUMP,15,0.8006932637031061,0.6313714482011077
Delhi Capitals,2024,SHORT,DOWN_LEG,18,-0.37607978541999354,-0.545401600921992
Delhi Capitals,2024,SHORT,ON_THE_STUMPS,22,0.5358001479750248,0.3664783324730264
Delhi Capitals,2024,SHORT,OUTSIDE_OFFSTUMP,69,-0.46448421330905304,-0.6338060288110514
Delhi Capitals,2024,SHORT,WIDE_OUTSIDE_OFFSTUMP,4,-0.9333800626729691,-1.1027018781749676
Delhi Capitals,2024,SHORT_OF_A_GOOD_LENGTH,DOWN_LEG,22,0.11225327425943946,-0.057068541242558946
Delhi Capitals,2024,SHORT_OF_A_GOOD_LENGTH,ON_THE_STUMPS,83,-0.14665561896961382,-0.3159774344716122
Delhi Capitals,2024,SHORT_OF_A_GOOD_LENGTH,OUTSIDE_OFFSTUMP,213,0.1560813705509834,-0.013240444951015007
Delhi Capitals,2024,SHORT_OF_A_GOOD_LENGTH,WIDE_OUTSIDE_OFFSTUMP,9,-0.3057810859289959,-0.4751029014309943
Delhi Capitals,2024,YORKER,DOWN_LEG,2,0.47617098362635346,0.30684916812435503
Delhi Capitals,2024,YORKER,ON_THE_STUMPS,27,0.9128138683063733,0.7434920528043749
Delhi Capitals,2024,YORKER,OUTSIDE_OFFSTUMP,17,0.6414772721368068,0.4721554566348084
Delhi Capitals,2024,YORKER,WIDE_OUTSIDE_OFFSTUMP,26,0.6252944441563355,0.4559726286543371
Gujarat Titans,2023,FULL,DOWN_LEG,39,0.016141089509233916,-0.1531807259927645
Gujarat Titans,2023,FULL,ON_THE_STUMPS,147,0.22366221818780513,0.05434040268580673
Gujarat Titans,2023,FULL,OUTSIDE_OFFSTUMP,176,-0.046281842909294275,-0.21560365841129267
Gujarat Titans,2023,FULL,WIDE_OUTSIDE_OFFSTUMP,29,-0.6864373501808446,-0.855759165682843
Gujarat Titans,2023,FULL_TOSS,DOWN_LEG,5,1.1930608930242634,1.023739077522265
Gujarat Titans,2023,FULL_TOSS,ON_THE_STUMPS,23,0.7068679483249233,0.5375461328229248
Gujarat Titans,2023,FULL_TOSS,OUTSIDE_OFFSTUMP,25,-0.21775560274508507,-0.38707741824708347
Gujarat Titans,2023,FULL_TOSS,WIDE_OUTSIDE_OFFSTUMP,3,-1.5614205079107581,-1.7307423234127566
Gujarat Titans,2023,GOOD_LENGTH,DOWN_LEG,45,0.4606856497117284,0.29136383420973
Gujarat Titans,2023,GOOD_LENGTH,ON_THE_STUMPS,288,0.5981990778010619,0.4288772622990634
Gujarat Titans,2023,GOOD_LENGTH,OUTSIDE_OFFSTUMP,338,0.6272459269654527,0.45792411146345424
Gujarat Titans,2023,GOOD_LENGTH,WIDE_OUTSIDE_OFFSTUMP,23,-0.3152617827190297,-0.48458359822102814
Gujarat Titans,2023,SHORT,DOWN_LEG,24,-0.24590686112409488,-0.4152286766260933
Gujarat Titans,2023,SHORT,ON_THE_STUMPS,52,-0.16812963962680508,-0.3374514551288035
Gujarat Titans,2023,SHORT,OUTSIDE_OFFSTUMP,44,0.04255483818211989,-0.12676697731987852
Gujarat Titans,2023,SHORT,WIDE_OUTSIDE_OFFSTUMP,3,-1.0836645170748984,-1.2529863325768968
Gujarat Titans,2023,SHORT_OF_A_GOOD_LENGTH,DOWN_LEG,51,-0.04497975804591746,-0.21430157354791585
Gujarat Titans,2023,SHORT_OF_A_GOOD_LENGTH,ON_THE_STUMPS,221,0.3350885838929762,0.1657667683909778
Gujarat Titans,2023,SHORT_OF_A_GOOD_LENGTH,OUTSIDE_OFFSTUMP,301,0.17633355534531053,0.007011739843312131
Gujarat Titans,2023,SHORT_OF_A_GOOD_LENGTH,WIDE_OUTSIDE_OFFSTUMP,14,-0.5061490309575516,-0.67547084645955
Gujarat Titans,2023,YORKER,DOWN_LEG,3,0.8003277638176213,0.6310059483156228
Gujarat Titans,2023,YORKER,ON_THE_STUMPS,19,0.38616608811769343,0.21684427261569503
Gujarat Titans,2023,YORKER,OUTSIDE_OFFSTUMP,15,0.7249827824196349,0.5556609669176364
Gujarat Titans,2023,YORKER,WIDE_DOWN_LEG,1,1.6565265399060536,1.4872047244040552
Gujarat Titans,2023,YORKER,WIDE_OUTSIDE_OFFSTUMP,4,1.1245641539486972,0.9552423384466988
Gujarat Titans,2024,FULL,DOWN_LEG,20,-1.1466217545327857,-1.3159435700347841
Gujarat Titans,2024,FULL,ON_THE_STUMPS,150,-0.025938531907596242,-0.19526034740959464
Gujarat Titans,2024,FULL,OUTSIDE_OFFSTUMP,155,0.022072351812753715,-0.1472494636892447
Gujarat Titans,2024,FULL,WIDE_OUTSIDE_OFFSTUMP,19,-1.042048098794189,-1.2113699142961873
Gujarat Titans,2024,FULL_TOSS,DOWN_LEG,2,-3.082055360186118,-3.2513771756881162
Gujarat Titans,2024,FULL_TOSS,ON_THE_STUMPS,17,-0.7098148417461627,-0.8791366572481611
Gujarat Titans,2024,FULL_TOSS,OUTSIDE_OFFSTUMP,13,-0.8145152091405693,-0.9838370246425677
Gujarat Titans,2024,FULL_TOSS,WIDE_OUTSIDE_OFFSTUMP,2,0.32814011496712414,0.15881829946512574
Gujarat Titans,2024,GOOD_LENGTH,DOWN_LEG,36,-0.3407646504608258,-0.5100864659628243
Gujarat Titans,2024,GOOD_LENGTH,ON_THE_STUMPS,229,0.4641080955607015,0.2947862800587031
Gujarat Titans,2024,GOOD_LENGTH,OUTSIDE_OFFSTUMP,220,-0.004595587878902372,-0.17391740338090078
Gujarat Titans,2024,GOOD_LENGTH,WIDE_OUTSIDE_OFFSTUMP,8,-0.16887642845082174,-0.33819824395282017
Gujarat Titans,2024,SHORT,DOWN_LEG,24,0.7509921992398144,0.581670383737816
Gujarat Titans,2024,SHORT,ON_THE_STUMPS,51,0.05012784066255153,-0.11919397483944688
Gujarat Titans,2024,SHORT,OUTSIDE_OFFSTUMP,55,0.45429120490645253,0.28496938940445415
Gujarat Titans,2024,SHORT,WIDE_OUTSIDE_OFFSTUMP,2,-3.769014636125868,-3.9383364516278663
Gujarat Titans,2024,SHORT_OF_A_GOOD_LENGTH,DOWN_LEG,16,-0.07973908522397566,-0.24906090072597406
Gujarat Titans,2024,SHORT_OF_A_GOOD_LENGTH,ON_THE_STUMPS,121,0.22557782347734817,0.05625600797534977
Gujarat Titans,2024,SHORT_OF_A_GOOD_LENGTH,OUTSIDE_OFFSTUMP,133,0.18002277367380254,0.010700958171804137
Gujarat Titans,2024,SHORT_OF_A_GOOD_LENGTH,WIDE_OUTSIDE_OFFSTUMP,8,-0.1994606832252246,-0.368782498727223
Gujarat Titans,2024,YORKER,DOWN_LEG,4,-0.3586837548426174,-0.5280055703446158
Gujarat Titans,2024,YORKER,ON_THE_STUMPS,6,0.8138444863880933,0.6445226708860948
Gujarat Titans,2024,YORKER,OUTSIDE_OFFSTUMP,15,0.6667173214231459,0.49739550592114745
Gujarat Titans,2024,YORKER,WIDE_OUTSIDE_OFFSTUMP,4,0.7882149778280012,0.6188931623260028
Kolkata Knight Riders,2023,FULL,DOWN_LEG,16,-0.2081218523907239,-0.3774436678927223
Kolkata Knight Riders,2023,FULL,ON_THE_STUMPS,136,0.03757516892570296,-0.13174664657629545
Kolkata Knight Riders,2023,FULL,OUTSIDE_OFFSTUMP,203,0.008478293680692365,-0.16084352182130604
Kolkata Knight Riders,2023,FULL,WIDE_OUTSIDE_OFFSTUMP,24,-0.08205444969804761,-0.251376265200046
Kolkata Knight Riders,2023,FULL_TOSS,DOWN_LEG,2,0.18560353458020273,0.016281719078204332
Kolkata Knight Riders,2023,FULL_TOSS,ON_THE_STUMPS,22,-0.4021480789744627,-0.5714698944764611
Kolkata Knight Riders,2023,FULL_TOSS,OUTSIDE_OFFSTUMP,20,-0.8565991594213489,-1.0259209749233473
Kolkata Knight Riders,2023,FULL_TOSS,WIDE_OUTSIDE_OFFSTUMP,10,-1.4718800704286248,-1.6412018859306232
Kolkata Knight Riders,2023,GOOD_LENGTH,DOWN_LEG,32,-0.08000661052202135,-0.24932842602401975
Kolkata Knight Riders,2023,GOOD_LENGTH,ON_THE_STUMPS,231,0.3103348346838691,0.14101301918187067
Kolkata Knight Riders,2023,GOOD_LENGTH,OUTSIDE_OFFSTUMP,357,0.450529091504182,0.28120727600218365
Kolkata Knight Riders,2023,GOOD_LENGTH,WIDE_OUTSIDE_OFFSTUMP,13,0.08421387239692225,-0.08510794310507615
Kolkata Knight Riders,2023,SHORT,DOWN_LEG,5,1.7409272402247353,1.571605424722737
Kolkata Knight Riders,2023,SHORT,ON_THE_STUMPS,17,0.3238609199869425,0.1545391044849441
Kolkata Knight Riders,2023,SHORT,OUTSIDE_OFFSTUMP,42,-0.23715680090490623,-0.40647861640690464
Kolkata Knight Riders,2023,SHORT,WIDE_OUTSIDE_OFFSTUMP,1,-2.7905033748985772,-2.9598251904005757
Kolkata Knight Riders,2023,SHORT_OF_A_GOOD_LENGTH,DOWN_LEG,22,0.07164654597538554,-0.09767526952661286
Kolkata Knight Riders,2023,SHORT_OF_A_GOOD_LENGTH,ON_THE_STUMPS,93,-0.266980514356023,-0.4363023298580214
Kolkata Knight Riders,2023,SHORT_OF_A_GOOD_LENGTH,OUTSIDE_OFFSTUMP,198,0.19544297977126787,0.02612116426926947
Kolkata Knight Riders,2023,SHORT_OF_A_GOOD_LENGTH,WIDE_OUTSIDE_OFFSTUMP,9,-1.2704999341816352,-1.4398217496836336
Kolkata Knight Riders,2023,YORKER,DOWN_LEG,5,0.3456014912318217,0.1762796757298233
Kolkata Knight Riders,2023,YORKER,ON_THE_STUMPS,9,-0.3567464533928424,-0.5260682688948408
Kolkata Knight Riders,2023,YORKER,OUTSIDE_OFFSTUMP,14,1.1463751583298232,0.9770533428278247
Kolkata Knight Riders,2023,YORKER,WIDE_OUTSIDE_OFFSTUMP,4,0.6002578779996917,0.43093606249769323
Kolkata Knight Riders,2024,FULL,DOWN_LEG,15,-1.0266739813624521,-1.1959957968644506
Kolkata Knight Riders,2024,FULL,ON_THE_STUMPS,126,0.11551332283099768,-0.05380849267100073
Kolkata Knight Riders,2024,FULL,OUTSIDE_OFFSTUMP,173,0.2133414280809173,0.0440196125789189
Kolkata Knight Riders,2024,FULL,WIDE_OUTSIDE_OFFSTUMP,25,-0.6649571147532585,-0.8342789302552569
Kolkata Knight Riders,2024,FULL_TOSS,DOWN_LEG,3,-0.8994102937377851,-1.0687321092397835
Kolkata Knight Riders,2024,FULL_TOSS,ON_THE_STUMPS,22,0.022022183288346042,-0.14729963221365236
Kolkata Knight Riders,2024,FULL_TOSS,OUTSIDE_OFFSTUMP,21,-0.14422619073003684,-0.31354800623203527
Kolkata Knight Riders,2024,FULL_TOSS,WIDE_OUTSIDE_OFFSTUMP,1,1.921579858922886,1.7522580434208876
Kolkata Knight Riders,2024,GOOD_LENGTH,DOWN_LEG,20,0.2576354308490664,0.08831361534706803
Kolkata Knight Riders,2024,GOOD_LENGTH,ON_THE_STUMPS,190,0.45516880305385654,0.2858469875518581
Kolkata Knight Riders,2024,GOOD_LENGTH,OUTSIDE_OFFSTUMP,366,0.7614139883740201,0.5920921728720216
Kolkata Knight Riders,2024,GOOD_LENGTH,WIDE_OUTSIDE_OFFSTUMP,16,1.1097505674099217,0.9404287519079233
Kolkata Knight Riders,2024,SHORT,DOWN_LEG,14,0.7663965936025962,0.5970747781005977
Kolkata Knight Riders,2024,SHORT,ON_THE_STUMPS,27,-1.0782632651512143,-1.2475850806532127
Kolkata Knight Riders,2024,SHORT,OUTSIDE_OFFSTUMP,98,-0.716732853026471,-0.8860546685284695
Kolkata Knight Riders,2024,SHORT,WIDE_OUTSIDE_OFFSTUMP,6,-1.8487973819387964,-2.018119197440795
Kolkata Knight Riders,2024,SHORT_OF_A_GOOD_LENGTH,DOWN_LEG,15,0.31541884447084406,0.14609702896884566
Kolkata Knight Riders,2024,SHORT_OF_A_GOOD_LENGTH,ON_THE_STUMPS,69,0.6542777498778044,0.484955934375806
Kolkata Knight Riders,2024,SHORT_OF_A_GOOD_LENGTH,OUTSIDE_OFFSTUMP,231,0.3614088021254989,0.19208698662350052
Kolkata Knight Riders,2024,SHORT_OF_A_GOOD_LENGTH,WIDE_OUTSIDE_OFFSTUMP,8,-0.8910853053382501,-1.0604071208402486
Kolkata Knight Riders,2024,YORKER,DOWN_LEG,2,0.08418479909028065,-0.08513701641171775
Kolkata Knight Riders,2024,YORKER,ON_THE_STUMPS,14,2.2873349242062875,2.118013108704289
Kolkata Knight Riders,2024,YORKER,OUTSIDE_OFFSTUMP,16,0.17264259109940427,0.003320775597405873
Kolkata Knight Riders,2024,YORKER,WIDE_OUTSIDE_OFFSTUMP,5,-0.5309046942641846,-0.7002265097661831
Lucknow Super Giants,2023,FULL,DOWN_LEG,24,0.45811227051110404,0.2887904550091056
Lucknow Super Giants,2023,FULL,ON_THE_STUMPS,134,-0.07012780983472891,-0.2394496253367273
Lucknow Super Giants,2023,FULL,OUTSIDE_OFFSTUMP,138,0.3340163469497576,0.16469453144775922
Lucknow Super Giants,2023,FULL,WIDE_OUTSIDE_OFFSTUMP,33,-0.44154921050537943,-0.6108710260073779
Lucknow Super Giants,2023,FULL_TOSS,DOWN_LEG,9,-0.1605626739707716,-0.32988448947277
Lucknow Super Giants,2023,FULL_TOSS,ON_THE_STUMPS,21,0.3279710654352169,0.15864924993321852
Lucknow Super Giants,2023,FULL_TOSS,OUTSIDE_OFFSTUMP,16,0.2848176614859113,0.11549584598391291
Lucknow Super Giants,2023,FULL_TOSS,WIDE_OUTSIDE_OFFSTUMP,12,-0.8927142140622916,-1.0620360295642899
Lucknow Super Giants,2023,GOOD_LENGTH,DOWN_LEG,37,0.7140648841794219,0.5447430686774235
Lucknow Super Giants,2023,GOOD_LENGTH,ON_THE_STUMPS,273,0.529706140403395,0.3603843249013966
Lucknow Super Giants,2023,GOOD_LENGTH,OUTSIDE_OFFSTUMP,331,0.4775455390672767,0.3082237235652783
Lucknow Super Giants,2023,GOOD_LENGTH,WIDE_OUTSIDE_OFFSTUMP,25,0.05963777162987064,-0.10968404387212777
Lucknow Super Giants,2023,SHORT,DOWN_LEG,12,-0.714002081620511,-0.8833238971225095
Lucknow Super Giants,2023,SHORT,ON_THE_STUMPS,27,-0.30075881115444747,-0.4700806266564459
Lucknow Super Giants,2023,SHORT,OUTSIDE_OFFSTUMP,91,-0.025836152478148553,-0.19515796798014695
Lucknow Super Giants,2023,SHORT,WIDE_OUTSIDE_OFFSTUMP,6,-1.3256890276089477,-1.4950108431109461
Lucknow Super Giants,2023,SHORT_OF_A_GOOD_LENGTH,DOWN_LEG,26,0.33756170354671744,0.16823988804471904
Lucknow Super Giants,2023,SHORT_OF_A_GOOD_LENGTH,ON_THE_STUMPS,115,0.3602306333195528,0.1909088178175544
Lucknow Super Giants,2023,SHORT_OF_A_GOOD_LENGTH,OUTSIDE_OFFSTUMP,281,0.10811311184005755,-0.06120870366194085
Lucknow Super Giants,2023,SHORT_OF_A_GOOD_LENGTH,WIDE_OUTSIDE_OFFSTUMP,26,0.5167201062118405,0.3473982907098421
Lucknow Super Giants,2023,YORKER,DOWN_LEG,4,0.8624870544680467,0.6931652389660483
Lucknow Super Giants,2023,YORKER,ON_THE_STUMPS,16,0.9923270368176418,0.8230052213156434
Lucknow Super Giants,2023,YORKER,OUTSIDE_OFFSTUMP,16,0.8558585297108123,0.6865367142088139
Lucknow Super Giants,2023,YORKER,WIDE_OUTSIDE_OFFSTUMP,9,1.1126682852816954,0.9433464697796969
Lucknow Super Giants,2024,FULL,DOWN_LEG,19,0.3458833907120027,0.1765615752100043
Lucknow Super Giants,2024,FULL,ON_THE_STUMPS,113,-0.06458981409710948,-0.23391162959910788
Lucknow Super Giants,2024,FULL,OUTSIDE_OFFSTUMP,182,-0.21261108725138347,-0.3819329027533819
Lucknow Super Giants,2024,FULL,WIDE_OUTSIDE_OFFSTUMP,44,-0.20549372128645454,-0.3748155367884529
Lucknow Super Giants,2024,FULL_TOSS,DOWN_LEG,2,-3.0802138361686158,-3.249535651670614
Lucknow Super Giants,2024,FULL_TOSS,ON_THE_STUMPS,22,-0.10536040191501218,-0.2746822174170106
Lucknow Super Giants,2024,FULL_TOSS,OUTSIDE_OFFSTUMP,14,0.0985215411222864,-0.07080027437971201
Lucknow Super Giants,2024,FULL_TOSS,WIDE_OUTSIDE_OFFSTUMP,7,-0.8704513720512891,-1.0397731875532874
Lucknow Super Giants,2024,GOOD_LENGTH,DOWN_LEG,35,0.7843448267686925,0.6150230112666941
Lucknow Super Giants,2024,GOOD_LENGTH,ON_THE_STUMPS,234,0.29305875083365307,0.12373693533165467
Lucknow Super Giants,2024,GOOD_LENGTH,OUTSIDE_OFFSTUMP,262,0.21845614244660078,0.049134326944602374
Lucknow Super Giants,2024,GOOD_LENGTH,WIDE_OUTSIDE_OFFSTUMP,24,0.7576088240352933,0.5882870085332949
Lucknow Super Giants,2024,SHORT,DOWN_LEG,48,-0.18518782748896967,-0.3545096429909681
Lucknow Super Giants,2024,SHORT,ON_THE_STUMPS,38,0.25165976754956193,0.08233795204756353
Lucknow Super Giants,2024,SHORT,OUTSIDE_OFFSTUMP,104,-0.06950284592466743,-0.23882466142666584
Lucknow Super Giants,2024,SHORT,WIDE_DOWN_LEG,1,-4.726358530207307,-4.895680345709305
Lucknow Super Giants,2024,SHORT,WIDE_OUTSIDE_OFFSTUMP,12,-1.5820253679908098,-1.7513471834928083
Lucknow Super Giants,2024,SHORT_OF_A_GOOD_LENGTH,DOWN_LEG,36,-0.39733645118990146,-0.5666582666918999
Lucknow Super Giants,2024,SHORT_OF_A_GOOD_LENGTH,ON_THE_STUMPS,136,-0.04964393614506616,-0.21896575164706455
Lucknow Super Giants,2024,SHORT_OF_A_GOOD_LENGTH,OUTSIDE_OFFSTUMP,199,0.2813841274235763,0.11206231192157792
Lucknow Super Giants,2024,SHORT_OF_A_GOOD_LENGTH,WIDE_DOWN_LEG,1,-4.754365142723543,-4.923686958225542
Lucknow Super Giants,2024,SHORT_OF_A_GOOD_LENGTH,WIDE_OUTSIDE_OFFSTUMP,13,0.35750878746441445,0.18818697196241604
Lucknow Super Giants,2024,YORKER,DOWN_LEG,4,-0.7491857350782816,-0.91850755058028
Lucknow Super Giants,2024,YORKER,ON_THE_STUMPS,8,1.100098730650172,0.9307769151481735
Lucknow Super Giants,2024,YORKER,OUTSIDE_OFFSTUMP,6,0.7767313315549833,0.6074095160529849
Lucknow Super Giants,2024,YORKER,WIDE_DOWN_LEG,1,0.5233622079492535,0.35404039244725505
Lucknow Super Giants,2024,YORKER,WIDE_OUTSIDE_OFFSTUMP,10,0.7196864215155176,0.5503646060135192
Mumbai Indians,2023,FULL,DOWN_LEG,30,-0.9104676525536775,-1.0797894680556759
Mumbai Indians,2023,FULL,ON_THE_STUMPS,161,-0.3721781394252543,-0.5414999549272527
Mumbai Indians,2023,FULL,OUTSIDE_OFFSTUMP,203,-0.1816211881300821,-0.35094300363208053
Mumbai Indians,2023,FULL,WIDE_DOWN_LEG,1,0.15907928880137767,-0.01024252670062073
Mumbai Indians,2023,FULL,WIDE_OUTSIDE_OFFSTUMP,27,-0.5872732703925556,-0.756595085894554
Mumbai Indians,2023,FULL_TOSS,DOWN_LEG,4,-1.148478197999029,-1.3178000135010275
Mumbai Indians,2023,FULL_TOSS,ON_THE_STUMPS,29,-0.41681096033405673,-0.5861327758360552
Mumbai Indians,2023,FULL_TOSS,OUTSIDE_OFFSTUMP,30,-0.5169010153432841,-0.6862228308452826
Mumbai Indians,2023,FULL_TOSS,WIDE_DOWN_LEG,1,1.4289429536162501,1.2596211381142517
Mumbai Indians,2023,FULL_TOSS,WIDE_OUTSIDE_OFFSTUMP,14,-0.5031885713752853,-0.6725103868772837
Mumbai Indians,2023,GOOD_LENGTH,DOWN_LEG,52,-0.2076185337839611,-0.37694034928595954
Mumbai Indians,2023,GOOD_LENGTH,ON_THE_STUMPS,273,0.41414414143232803,0.24482232593032963
Mumbai Indians,2023,GOOD_LENGTH,OUTSIDE_OFFSTUMP,321,0.48634110503410755,0.3170192895321091
Mumbai Indians,2023,GOOD_LENGTH,WIDE_DOWN_LEG,1,-0.6004127371753469,-0.7697345526773454
Mumbai Indians,2023,GOOD_LENGTH,WIDE_OUTSIDE_OFFSTUMP,22,0.6875545260452788,0.5182327105432804
Mumbai Indians,2023,SHORT,DOWN_LEG,16,-0.5242901110554562,-0.6936119265574546
Mumbai Indians,2023,SHORT,ON_THE_STUMPS,47,-0.7744307199693958,-0.9437525354713943
Mumbai Indians,2023,SHORT,OUTSIDE_OFFSTUMP,67,-0.41384238297383846,-0.5831641984758369
Mumbai Indians,2023,SHORT,WIDE_OUTSIDE_OFFSTUMP,3,-0.12323638100751803,-0.2925581965095164
Mumbai Indians,2023,SHORT_OF_A_GOOD_LENGTH,DOWN_LEG,32,0.31134257064145593,0.14202075513945753
Mumbai Indians,2023,SHORT_OF_A_GOOD_LENGTH,ON_THE_STUMPS,161,0.23872080418223926,0.06939898868024086
Mumbai Indians,2023,SHORT_OF_A_GOOD_LENGTH,OUTSIDE_OFFSTUMP,291,0.3565623496558514,0.18724053415385297
Mumbai Indians,2023,SHORT_OF_A_GOOD_LENGTH,WIDE_OUTSIDE_OFFSTUMP,5,0.5566915915635985,0.38736977606160006
Mumbai Indians,2023,YORKER,DOWN_LEG,7,0.45565491415825804,0.28633309865625967
Mumbai Indians,2023,YORKER,ON_THE_STUMPS,30,1.4857577311251664,1.316435915623168
Mumbai Indians,2023,YORKER,OUTSIDE_OFFSTUMP,25,0.7429107898552817,0.5735889743532833
Mumbai Indians,2023,YORKER,WIDE_OUTSIDE_OFFSTUMP,6,-0.9106654929252272,-1.0799873084272256
Mumbai Indians,2024,FULL,DOWN_LEG,22,-0.07681445966383439,-0.2461362751658328
Mumbai Indians,2024,FULL,ON_THE_STUMPS,127,-0.07444977896353075,-0.24377159446552915
Mumbai Indians,2024,FULL,OUTSIDE_OFFSTUMP,146,-0.5296254770865542,-0.6989472925885526
Mumbai Indians,2024,FULL,WIDE_OUTSIDE_OFFSTUMP,53,-0.41006601648829283,-0.5793878319902912
Mumbai Indians,2024,FULL_TOSS,DOWN_LEG,17,-1.088769111492851,-1.2580909269948495
Mumbai Indians,2024,FULL_TOSS,ON_THE_STUMPS,49,-0.04388214970799522,-0.21320396520999363
Mumbai Indians,2024,FULL_TOSS,OUTSIDE_OFFSTUMP,31,-0.12873203239580705,-0.2980538478978054
Mumbai Indians,2024,FULL_TOSS,WIDE_OUTSIDE_OFFSTUMP,11,-1.179769918164469,-1.3490917336664674
Mumbai Indians,2024,GOOD_LENGTH,DOWN_LEG,17,0.096273728797272,-0.0730480867047264
Mumbai Indians,2024,GOOD_LENGTH,ON_THE_STUMPS,177,0.7576087867047294,0.588286971202731
Mumbai Indians,2024,GOOD_LENGTH,OUTSIDE_OFFSTUMP,272,0.21931494247958103,0.049993126977582625
Mumbai Indians,2024,GOOD_LENGTH,WIDE_OUTSIDE_OFFSTUMP,22,0.0918038886793535,-0.0775179268226449
Mumbai Indians,2024,SHORT,DOWN_LEG,19,-1.3332896125908993,-1.5026114280928977
Mumbai Indians,2024,SHORT,ON_THE_STUMPS,23,0.2625108638093507,0.09318904830735228
Mumbai Indians,2024,SHORT,OUTSIDE_OFFSTUMP,95,0.08496813233549405,-0.08435368316650435
Mumbai Indians,2024,SHORT,WIDE_DOWN_LEG,1,-2.695592045127327,-2.8649138606293256
Mumbai Indians,2024,SHORT,WIDE_OUTSIDE_OFFSTUMP,3,1.5314563898159956,1.3621345743139972
Mumbai Indians,2024,SHORT_OF_A_GOOD_LENGTH,DOWN_LEG,27,-0.20162975609268216,-0.37095157159468056
Mumbai Indians,2024,SHORT_OF_A_GOOD_LENGTH,ON_THE_STUMPS,88,-0.08475526586253666,-0.25407708136453505
Mumbai Indians,2024,SHORT_OF_A_GOOD_LENGTH,OUTSIDE_OFFSTUMP,213,0.412384716453597,0.24306290095159858
Mumbai Indians,2024,SHORT_OF_A_GOOD_LENGTH,WIDE_OUTSIDE_OFFSTUMP,15,-0.24389167033615358,-0.413213485838152
Mumbai Indians,2024,YORKER,DOWN_LEG,7,1.1887843318981623,1.019462516396164
Mumbai Indians,2024,YORKER,ON_THE_STUMPS,56,1.4080434153595165,1.238721599857518
Mumbai Indians,2024,YORKER,OUTSIDE_OFFSTUMP,18,0.73837044129958,0.5690486257975815
Mumbai Indians,2024,YORKER,WIDE_OUTSIDE_OFFSTUMP,16,0.6441435687615708,0.4748217532595723
Punjab Kings,2023,FULL,DOWN_LEG,26,-0.043142788487975064,-0.21246460398997347
Punjab Kings,2023,FULL,ON_THE_STUMPS,141,0.11677381153143689,-0.052548003970561516
Punjab Kings,2023,FULL,OUTSIDE_OFFSTUMP,151,-0.1774101351750346,-0.346731950677033
Punjab Kings,2023,FULL,WIDE_OUTSIDE_OFFSTUMP,37,-0.2846901844156534,-0.45401199991765184
Punjab Kings,2023,FULL_TOSS,DOWN_LEG,8,-1.1814040242075183,-1.3507258397095168
Punjab Kings,2023,FULL_TOSS,ON_THE_STUMPS,29,0.16167755766022177,-0.007644257841776636
Punjab Kings,2023,FULL_TOSS,OUTSIDE_OFFSTUMP,23,-0.021381130639869305,-0.1907029461418677
Punjab Kings,2023,FULL_TOSS,WIDE_OUTSIDE_OFFSTUMP,8,-1.0038190274882064,-1.1731408429902048
Punjab Kings,2023,GOOD_LENGTH,DOWN_LEG,23,-0.5417660630055326,-0.7110878785075311
Punjab Kings,2023,GOOD_LENGTH,ON_THE_STUMPS,247,0.3366731265229859,0.16735131102098752
Punjab Kings,2023,GOOD_LENGTH,OUTSIDE_OFFSTUMP,237,0.21145093586795816,0.042129120365959755
Punjab Kings,2023,GOOD_LENGTH,WIDE_OUTSIDE_OFFSTUMP,16,0.9695329966067081,0.8002111811047097
Punjab Kings,2023,SHORT,DOWN_LEG,15,-1.3614855437405002,-1.5308073592424987
Punjab Kings,2023,SHORT,ON_THE_STUMPS,39,-0.08456209198399009,-0.2538839074859885
Punjab Kings,2023,SHORT,OUTSIDE_OFFSTUMP,50,-0.4304022282051301,-0.5997240437071285
Punjab Kings,2023,SHORT,WIDE_OUTSIDE_OFFSTUMP,1,1.2904439902417302,1.1211221747397317
Punjab Kings,2023,SHORT_OF_A_GOOD_LENGTH,DOWN_LEG,33,0.7023799338070038,0.5330581183050054
Punjab Kings,2023,SHORT_OF_A_GOOD_LENGTH,ON_THE_STUMPS,166,0.17102526203725174,0.001703446535253339
Punjab Kings,2023,SHORT_OF_A_GOOD_LENGTH,OUTSIDE_OFFSTUMP,214,0.18449646982679618,0.015174654324797782
Punjab Kings,2023,SHORT_OF_A_GOOD_LENGTH,WIDE_OUTSIDE_OFFSTUMP,8,-1.4035576794016975,-1.572879494903696
Punjab Kings,2023,YORKER,DOWN_LEG,7,0.3482948280926347,0.17897301259063628
Punjab Kings,2023,YORKER,ON_THE_STUMPS,28,0.871468485869998,0.7021466703679996
Punjab Kings,2023,YORKER,OUTSIDE_OFFSTUMP,24,0.7207360569848587,0.5514142414828602
Punjab Kings,2023,YORKER,WIDE_OUTSIDE_OFFSTUMP,7,0.5410414277805339,0.37171961227853545
Punjab Kings,2024,FULL,DOWN_LEG,13,-0.8805572446074499,-1.0498790601094483
Punjab Kings,2024,FULL,ON_THE_STUMPS,199,-0.1732431040798085,-0.3425649195818069
Punjab Kings,2024,FULL,OUTSIDE_OFFSTUMP,229,-0.19775961555061988,-0.36708143105261826
Punjab Kings,2024,FULL,WIDE_OUTSIDE_OFFSTUMP,44,0.23499787038761816,0.06567605488561976
Punjab Kings,2024,FULL_TOSS,DOWN_LEG,3,-1.4870598739858998,-1.6563816894878982
Punjab Kings,2024,FULL_TOSS,ON_THE_STUMPS,41,-0.49406573383551283,-0.6633875493375112
Punjab Kings,2024,FULL_TOSS,OUTSIDE_OFFSTUMP,28,-0.038359177010022415,-0.20768099251202082
Punjab Kings,2024,FULL_TOSS,WIDE_OUTSIDE_OFFSTUMP,9,0.2907953068441057,0.1214734913421073
Punjab Kings,2024,GOOD_LENGTH,DOWN_LEG,31,-0.2270437110060965,-0.39636552650809487
Punjab Kings,2024,GOOD_LENGTH,ON_THE_STUMPS,252,0.6453551957969766,0.4760333802949782
Punjab Kings,2024,GOOD_LENGTH,OUTSIDE_OFFSTUMP,306,0.4193588010237162,0.2500369855217178
Punjab Kings,2024,GOOD_LENGTH,WIDE_OUTSIDE_OFFSTUMP,18,-0.3811953170455161,-0.5505171325475146
Punjab Kings,2024,SHORT,DOWN_LEG,8,-1.6526895012834624,-1.8220113167854608
Punjab Kings,2024,SHORT,ON_THE_STUMPS,42,-0.08334711243077789,-0.2526689279327763
Punjab Kings,2024,SHORT,OUTSIDE_OFFSTUMP,60,-0.1588443542524474,-0.3281661697544458
Punjab Kings,2024,SHORT,WIDE_OUTSIDE_OFFSTUMP,2,0.5304294109457146,0.3611075954437162
Punjab Kings,2024,SHORT_OF_A_GOOD_LENGTH,DOWN_LEG,10,-1.3143403052592229,-1.4836621207612213
Punjab Kings,2024,SHORT_OF_A_GOOD_LENGTH,ON_THE_STUMPS,114,0.2193764190499232,0.05005460354792479
Punjab Kings,2024,SHORT_OF_A_GOOD_LENGTH,OUTSIDE_OFFSTUMP,202,0.1308508685275035,-0.03847094697449491
Punjab Kings,2024,SHORT_OF_A_GOOD_LENGTH,WIDE_OUTSIDE_OFFSTUMP,7,0.027090450168594366,-0.14223136533340403
Punjab Kings,2024,YORKER,DOWN_LEG,1,-2.110282591809181,-2.2796044073111794
Punjab Kings,2024,YORKER,ON_THE_STUMPS,20,1.885559561467328,1.7162377459653295
Punjab Kings,2024,YORKER,OUTSIDE_OFFSTUMP,25,1.026264719755202,0.8569429042532035
Punjab Kings,2024,YORKER,WIDE_OUTSIDE_OFFSTUMP,4,0.32469506357196476,0.15537324806996636
Rajasthan Royals,2023,FULL,DOWN_LEG,32,0.1718208567547267,0.00249904125272829
Rajasthan Royals,2023,FULL,ON_THE_STUMPS,201,0.40082679002106697,0.23150497451906857
Rajasthan Royals,2023,FULL,OUTSIDE_OFFSTUMP,164,0.019415968416074847,-0.14990584708592355
Rajasthan Royals,2023,FULL,WIDE_OUTSIDE_OFFSTUMP,53,-0.07008013779714044,-0.23940195329913883
Rajasthan Royals,2023,FULL_TOSS,DOWN_LEG,7,-0.9336748467800317,-1.10299666228203
Rajasthan Royals,2023,FULL_TOSS,ON_THE_STUMPS,34,-0.9654877135018524,-1.1348095290038507
Rajasthan Royals,2023,FULL_TOSS,OUTSIDE_OFFSTUMP,28,-0.41720009191432544,-0.5865219074163238
Rajasthan Royals,2023,FULL_TOSS,WIDE_DOWN_LEG,1,-1.0,-1.1693218155019984
Rajasthan Royals,2023,FULL_TOSS,WIDE_OUTSIDE_OFFSTUMP,15,0.3431611648696384,0.17383934936763998
Rajasthan Royals,2023,GOOD_LENGTH,DOWN_LEG,49,0.36977768246839393,0.20045586696639553
Rajasthan Royals,2023,GOOD_LENGTH,ON_THE_STUMPS,323,0.45744994775131326,0.2881281322493149
Rajasthan Royals,2023,GOOD_LENGTH,OUTSIDE_OFFSTUMP,275,0.27514436694955613,0.10582255144755773
Rajasthan Royals,2023,GOOD_LENGTH,WIDE_DOWN_LEG,1,-1.8165623439056375,-1.985884159407636
Rajasthan Royals,2023,GOOD_LENGTH,WIDE_OUTSIDE_OFFSTUMP,25,-0.9222577106392876,-1.091579526141286
Rajasthan Royals,2023,SHORT,DOWN_LEG,2,-1.0487556421290627,-1.2180774576310611
Rajasthan Royals,2023,SHORT,ON_THE_STUMPS,20,-0.4755986671376333,-0.6449204826396318
Rajasthan Royals,2023,SHORT,OUTSIDE_OFFSTUMP,36,0.027236754421170756,-0.14208506108082763
Rajasthan Royals,2023,SHORT,WIDE_OUTSIDE_OFFSTUMP,2,0.16777762595251744,-0.001544189549480962
Rajasthan Royals,2023,SHORT_OF_A_GOOD_LENGTH,DOWN_LEG,23,-0.3598407905745595,-0.5291626060765579
Rajasthan Royals,2023,SHORT_OF_A_GOOD_LENGTH,ON_THE_STUMPS,120,-0.09364442970605054,-0.26296624520804895
Rajasthan Royals,2023,SHORT_OF_A_GOOD_LENGTH,OUTSIDE_OFFSTUMP,163,0.17071328221372117,0.001391466711722772
Rajasthan Royals,2023,SHORT_OF_A_GOOD_LENGTH,WIDE_OUTSIDE_OFFSTUMP,6,-1.5358559847538704,-1.7051778002558688
Rajasthan Royals,2023,YORKER,DOWN_LEG,8,0.8666522782070419,0.6973304627050435
Rajasthan Royals,2023,YORKER,ON_THE_STUMPS,30,1.435113846326023,1.2657920308240245
Rajasthan Royals,2023,YORKER,OUTSIDE_OFFSTUMP,16,2.358735120169162,2.1894133046671636
Rajasthan Royals,2023,YORKER,WIDE_OUTSIDE_OFFSTUMP,12,0.2565050178630817,0.08718320236108332
Rajasthan Royals,2024,FULL,DOWN_LEG,31,0.5400585650730721,0.3707367495710737
Rajasthan Royals,2024,FULL,ON_THE_STUMPS,200,0.14469403655887958,-0.024627778943118822
Rajasthan Royals,2024,FULL,OUTSIDE_OFFSTUMP,202,-0.10727040292432892,-0.2765922184263273
Rajasthan Royals,2024,FULL,WIDE_OUTSIDE_OFFSTUMP,52,-0.15258990975990322,-0.3219117252619016
Rajasthan Royals,2024,FULL_TOSS,DOWN_LEG,6,-1.5343272452986578,-1.7036490608006563
Rajasthan Royals,2024,FULL_TOSS,ON_THE_STUMPS,30,-0.17043701657667107,-0.33975883207866947
Rajasthan Royals,2024,FULL_TOSS,OUTSIDE_OFFSTUMP,32,-0.471291831580797,-0.6406136470827954
Rajasthan Royals,2024,FULL_TOSS,WIDE_OUTSIDE_OFFSTUMP,18,-0.2567782843400049,-0.42610009984200325
Rajasthan Royals,2024,GOOD_LENGTH,DOWN_LEG,28,-0.14947067420504087,-0.3187924897070393
Rajasthan Royals,2024,GOOD_LENGTH,ON_THE_STUMPS,302,0.6585885283061553,0.4892667128041569
Rajasthan Royals,2024,GOOD_LENGTH,OUTSIDE_OFFSTUMP,295,0.1627379784751347,-0.006583837026863715
Rajasthan Royals,2024,GOOD_LENGTH,WIDE_DOWN_LEG,1,1.3642349353703551,1.1949131198683567
Rajasthan Royals,2024,GOOD_LENGTH,WIDE_OUTSIDE_OFFSTUMP,18,0.5119283410723212,0.3426065255703228
Rajasthan Royals,2024,SHORT,DOWN_LEG,26,1.991469741038439,1.8221479255364406
Rajasthan Royals,2024,SHORT,ON_THE_STUMPS,33,-0.394159567289025,-0.5634813827910234
Rajasthan Royals,2024,SHORT,OUTSIDE_OFFSTUMP,80,-0.28670378966113025,-0.4560256051631286
Rajasthan Royals,2024,SHORT,WIDE_OUTSIDE_OFFSTUMP,6,0.4729676964371827,0.3036458809351843
Rajasthan Royals,2024,SHORT_OF_A_GOOD_LENGTH,DOWN_LEG,24,0.13246025108624573,-0.03686156441575267
Rajasthan Royals,2024,SHORT_OF_A_GOOD_LENGTH,ON_THE_STUMPS,101,-0.02193703913858946,-0.19125885464058787
Rajasthan Royals,2024,SHORT_OF_A_GOOD_LENGTH,OUTSIDE_OFFSTUMP,218,0.05238918648674633,-0.11693262901525207
Rajasthan Royals,2024,SHORT_OF_A_GOOD_LENGTH,WIDE_OUTSIDE_OFFSTUMP,12,-0.5126421202704442,-0.6819639357724426
Rajasthan Royals,2024,YORKER,DOWN_LEG,4,0.830190212286837,0.6608683967848386
Rajasthan Royals,2024,YORKER,ON_THE_STUMPS,22,1.2309173582862156,1.0615955427842172
Rajasthan Royals,2024,YORKER,OUTSIDE_OFFSTUMP,29,0.3831189086517414,0.21379709314974302
Rajasthan Royals,2024,YORKER,WIDE_OUTSIDE_OFFSTUMP,15,1.6885628565182675,1.5192410410162691
Royal Challengers Bengaluru,2023,FULL,DOWN_LEG,27,-0.15624981283449096,-0.32557162833648934
Royal Challengers Bengaluru,2023,FULL,ON_THE_STUMPS,130,-0.011740867099733397,-0.1810626826017318
Royal Challengers Bengaluru,2023,FULL,OUTSIDE_OFFSTUMP,157,-0.21616220268884442,-0.3854840181908428
Royal Challengers Bengaluru,2023,FULL,WIDE_OUTSIDE_OFFSTUMP,34,0.11204128489634184,-0.05728053060565656
Royal Challengers Bengaluru,2023,FULL_TOSS,DOWN_LEG,5,0.040673688295651544,-0.12864812720634686
Royal Challengers Bengaluru,2023,FULL_TOSS,ON_THE_STUMPS,36,-0.1057956797168466,-0.275117495218845
Royal Challengers Bengaluru,2023,FULL_TOSS,OUTSIDE_OFFSTUMP,22,-0.2150498607101308,-0.3843716762121292
Royal Challengers Bengaluru,2023,FULL_TOSS,WIDE_OUTSIDE_OFFSTUMP,16,0.4226158966745246,0.25329408117252616
Royal Challengers Bengaluru,2023,GOOD_LENGTH,DOWN_LEG,37,-0.05306196166032515,-0.22238377716232355
Royal Challengers Bengaluru,2023,GOOD_LENGTH,ON_THE_STUMPS,230,0.20317261365568165,0.03385079815368325
Royal Challengers Bengaluru,2023,GOOD_LENGTH,OUTSIDE_OFFSTUMP,250,0.7978766521119203,0.6285548366099218
Royal Challengers Bengaluru,2023,GOOD_LENGTH,WIDE_OUTSIDE_OFFSTUMP,22,0.949992058906881,0.7806702434048826
Royal Challengers Bengaluru,2023,SHORT,DOWN_LEG,25,-2.1606457160039234,-2.329967531505922
Royal Challengers Bengaluru,2023,SHORT,ON_THE_STUMPS,30,0.04657944123793811,-0.12274237426406029
Royal Challengers Bengaluru,2023,SHORT,OUTSIDE_OFFSTUMP,55,-0.2844050324552209,-0.4537268479572193
Royal Challengers Bengaluru,2023,SHORT,WIDE_OUTSIDE_OFFSTUMP,7,-0.3279881567850495,-0.4973099722870479
Royal Challengers Bengaluru,2023,SHORT_OF_A_GOOD_LENGTH,DOWN_LEG,55,-0.6116889788240598,-0.7810107943260582
Royal Challengers Bengaluru,2023,SHORT_OF_A_GOOD_LENGTH,ON_THE_STUMPS,139,-0.15315621657810033,-0.32247803208009873
Royal Challengers Bengaluru,2023,SHORT_OF_A_GOOD_LENGTH,OUTSIDE_OFFSTUMP,229,0.5114234076053821,0.34210159210338364
Royal Challengers Bengaluru,2023,SHORT_OF_A_GOOD_LENGTH,WIDE_OUTSIDE_OFFSTUMP,17,-0.4173006550569409,-0.5866224705589393
Royal Challengers Bengaluru,2023,YORKER,DOWN_LEG,4,1.0283494595143834,0.859027644012385
Royal Challengers Bengaluru,2023,YORKER,ON_THE_STUMPS,21,1.4820494743245791,1.3127276588225807
Royal Challengers Bengaluru,2023,YORKER,OUTSIDE_OFFSTUMP,22,1.0241036823317518,0.8547818668297533
Royal Challengers Bengaluru,2023,YORKER,WIDE_OUTSIDE_OFFSTUMP,7,0.6308645543534419,0.4615427388514435
Royal Challengers Bengaluru,2024,FULL,DOWN_LEG,20,0.20088878072203772,0.03156696522003932
Royal Challengers Bengaluru,2024,FULL,ON_THE_STUMPS,155,-0.26478605801763827,-0.43410787351963664
Royal Challengers Bengaluru,2024,FULL,OUTSIDE_OFFSTUMP,188,-0.48953165202967136,-0.6588534675316697
Royal Challengers Bengaluru,2024,FULL,WIDE_OUTSIDE_OFFSTUMP,17,-0.5825420897110559,-0.7518639052130544
Royal Challengers Bengaluru,2024,FULL_TOSS,DOWN_LEG,10,-1.6235981045216215,-1.7929199200236199
Royal Challengers Bengaluru,2024,FULL_TOSS,ON_THE_STUMPS,37,0.48371902784571524,0.31439721234371687
Royal Challengers Bengaluru,2024,FULL_TOSS,OUTSIDE_OFFSTUMP,27,0.02081455491512257,-0.14850726058687583
Royal Challengers Bengaluru,2024,FULL_TOSS,WIDE_DOWN_LEG,1,-1.0,-1.1693218155019984
Royal Challengers Bengaluru,2024,FULL_TOSS,WIDE_OUTSIDE_OFFSTUMP,14,-0.8751908999932722,-1.0445127154952705
Royal Challengers Bengaluru,2024,GOOD_LENGTH,DOWN_LEG,33,0.49090137729689676,0.3215795617948983
Royal Challengers Bengaluru,2024,GOOD_LENGTH,ON_THE_STUMPS,220,0.7356117126479012,0.5662898971459027
Royal Challengers Bengaluru,2024,GOOD_LENGTH,OUTSIDE_OFFSTUMP,272,0.4033894029592455,0.23406758745724712
Royal Challengers Bengaluru,2024,GOOD_LENGTH,WIDE_OUTSIDE_OFFSTUMP,20,-0.10521096962770118,-0.2745327851296996
Royal Challengers Bengaluru,2024,SHORT,DOWN_LEG,35,-1.4124532932923068,-1.5817751087943053
Royal Challengers Bengaluru,2024,SHORT,ON_THE_STUMPS,69,-0.5099942178432766,-0.679316033345275
Royal Challengers Bengaluru,2024,SHORT,OUTSIDE_OFFSTUMP,103,0.1651862554782258,-0.004135560023772605
Royal Challengers Bengaluru,2024,SHORT,WIDE_OUTSIDE_OFFSTUMP,6,0.9953543145517729,0.8260324990497745
Royal Challengers Bengaluru,2024,SHORT_OF_A_GOOD_LENGTH,DOWN_LEG,49,-0.45747085069912413,-0.6267926662011225
Royal Challengers Bengaluru,2024,SHORT_OF_A_GOOD_LENGTH,ON_THE_STUMPS,143,-0.008222102280011669,-0.17754391778201006
Royal Challengers Bengaluru,2024,SHORT_OF_A_GOOD_LENGTH,OUTSIDE_OFFSTUMP,221,0.2459195822829993,0.07659776678100089
Royal Challengers Bengaluru,2024,SHORT_OF_A_GOOD_LENGTH,WIDE_OUTSIDE_OFFSTUMP,6,0.7077717227482516,0.5384499072462532
Royal Challengers Bengaluru,2024,YORKER,DOWN_LEG,10,1.01921382178836,0.8498920062863615
Royal Challengers Bengaluru,2024,YORKER,ON_THE_STUMPS,21,2.0519440711221044,1.882622255620106
Royal Challengers Bengaluru,2024,YORKER,OUTSIDE_OFFSTUMP,23,0.9170178272525549,0.7476960117505564
Royal Challengers Bengaluru,2024,YORKER,WIDE_OUTSIDE_OFFSTUMP,13,1.339455890322438,1.1701340748204396
Sunrisers Hyderabad,2023,FULL,DOWN_LEG,23,-0.5573221886866774,-0.7266440041886758
Sunrisers Hyderabad,2023,FULL,ON_THE_STUMPS,133,-0.17353143207373228,-0.34285324757573066
Sunrisers Hyderabad,2023,FULL,OUTSIDE_OFFSTUMP,155,-0.022001167180866987,-0.19132298268286538
Sunrisers Hyderabad,2023,FULL,WIDE_OUTSIDE_OFFSTUMP,31,1.2644905805183304,1.095168765016332
Sunrisers Hyderabad,2023,FULL_TOSS,DOWN_LEG,12,0.3773048851589034,0.20798306965690502
Sunrisers Hyderabad,2023,FULL_TOSS,ON_THE_STUMPS,36,-0.3495883674437644,-0.5189101829457629
Sunrisers Hyderabad,2023,FULL_TOSS,OUTSIDE_OFFSTUMP,29,-0.9987415955107395,-1.168063411012738
Sunrisers Hyderabad,2023,FULL_TOSS,WIDE_OUTSIDE_OFFSTUMP,9,0.30011749901254725,0.13079568351054885
Sunrisers Hyderabad,2023,GOOD_LENGTH,DOWN_LEG,35,0.25730151774127524,0.08797970223927684
Sunrisers Hyderabad,2023,GOOD_LENGTH,ON_THE_STUMPS,237,0.2768065490555484,0.10748473355355001
Sunrisers Hyderabad,2023,GOOD_LENGTH,OUTSIDE_OFFSTUMP,305,0.38312042140078595,0.21379860589878755
Sunrisers Hyderabad,2023,GOOD_LENGTH,WIDE_DOWN_LEG,1,1.5339152529104325,1.364593437408434
Sunrisers Hyderabad,2023,GOOD_LENGTH,WIDE_OUTSIDE_OFFSTUMP,14,-0.9269205173564397,-1.096242332858438
Sunrisers Hyderabad,2023,SHORT,DOWN_LEG,6,1.9529768554165585,1.78365503991456
Sunrisers Hyderabad,2023,SHORT,ON_THE_STUMPS,28,-0.6865418542423899,-0.8558636697443883
Sunrisers Hyderabad,2023,SHORT,OUTSIDE_OFFSTUMP,55,-1.4741442215998228,-1.6434660371018213
Sunrisers Hyderabad,2023,SHORT,WIDE_OUTSIDE_OFFSTUMP,3,-1.0196095939632033,-1.1889314094652017
Sunrisers Hyderabad,2023,SHORT_OF_A_GOOD_LENGTH,DOWN_LEG,29,-0.15918427312115202,-0.32850608862315045
Sunrisers Hyderabad,2023,SHORT_OF_A_GOOD_LENGTH,ON_THE_STUMPS,138,0.545408810448115,0.3760869949461165
Sunrisers Hyderabad,2023,SHORT_OF_A_GOOD_LENGTH,OUTSIDE_OFFSTUMP,279,0.09709649830933557,-0.07222531719266283
Sunrisers Hyderabad,2023,SHORT_OF_A_GOOD_LENGTH,WIDE_OUTSIDE_OFFSTUMP,6,-0.9192656577658115,-1.0885874732678098
Sunrisers Hyderabad,2023,YORKER,DOWN_LEG,6,0.0952742595466393,-0.0740475559553591
Sunrisers Hyderabad,2023,YORKER,ON_THE_STUMPS,43,1.1258767779114374,0.9565549624094389
Sunrisers Hyderabad,2023,YORKER,OUTSIDE_OFFSTUMP,21,0.9811990228301842,0.8118772073281858
Sunrisers Hyderabad,2023,YORKER,WIDE_OUTSIDE_OFFSTUMP,2,1.3911583236832428,1.2218365081812443
Sunrisers Hyderabad,2024,FULL,DOWN_LEG,29,-0.6617957652555553,-0.8311175807575537
Sunrisers Hyderabad,2024,FULL,ON_THE_STUMPS,161,-0.05701095738014979,-0.2263327728821482
Sunrisers Hyderabad,2024,FULL,OUTSIDE_OFFSTUMP,182,-0.3841453575344813,-0.5534671730364797
Sunrisers Hyderabad,2024,FULL,WIDE_DOWN_LEG,2,-0.5407888754183432,-0.7101106909203416
Sunrisers Hyderabad,2024,FULL,WIDE_OUTSIDE_OFFSTUMP,25,0.23267941845886284,0.06335760295686443
Sunrisers Hyderabad,2024,FULL_TOSS,DOWN_LEG,10,-0.9368846247895413,-1.1062064402915397
Sunrisers Hyderabad,2024,FULL_TOSS,ON_THE_STUMPS,44,-0.03628713136903375,-0.20560894687103215
Sunrisers Hyderabad,2024,FULL_TOSS,OUTSIDE_OFFSTUMP,28,0.1032239402927078,-0.0660978752092906
Sunrisers Hyderabad,2024,FULL_TOSS,WIDE_DOWN_LEG,2,-1.0,-1.1693218155019984
Sunrisers Hyderabad,2024,FULL_TOSS,WIDE_OUTSIDE_OFFSTUMP,10,-0.9724059905295931,-1.1417278060315914
Sunrisers Hyderabad,2024,GOOD_LENGTH,DOWN_LEG,34,-0.8138119660658563,-0.9831337815678547
Sunrisers Hyderabad,2024,GOOD_LENGTH,ON_THE_STUMPS,247,0.1320553695458727,-0.037266445956125716
Sunrisers Hyderabad,2024,GOOD_LENGTH,OUTSIDE_OFFSTUMP,303,0.5162145179257719,0.34689270242377346
Sunrisers Hyderabad,2024,GOOD_LENGTH,WIDE_OUTSIDE_OFFSTUMP,28,0.48017460820895774,0.3108527927069593
Sunrisers Hyderabad,2024,SHORT,DOWN_LEG,16,0.5385607887919028,0.3692389732899044
Sunrisers Hyderabad,2024,SHORT,ON_THE_STUMPS,42,0.4205295476316229,0.25120773212962455
Sunrisers Hyderabad,2024,SHORT,OUTSIDE_OFFSTUMP,140,0.10588382418165995,-0.06343799132033845
Sunrisers Hyderabad,2024,SHORT,WIDE_OUTSIDE_OFFSTUMP,10,-0.5617163756468869,-0.7310381911488854
Sunrisers Hyderabad,2024,SHORT_OF_A_GOOD_LENGTH,DOWN_LEG,18,0.30138187282914064,0.13206005732714224
Sunrisers Hyderabad,2024,SHORT_OF_A_GOOD_LENGTH,ON_THE_STUMPS,141,0.07157981224894892,-0.09774200325304948
Sunrisers Hyderabad,2024,SHORT_OF_A_GOOD_LENGTH,OUTSIDE_OFFSTUMP,230,0.24154053562392935,0.07221872012193095
Sunrisers Hyderabad,2024,SHORT_OF_A_GOOD_LENGTH,WIDE_OUTSIDE_OFFSTUMP,18,-0.7321846953550118,-0.9015065108570103
Sunrisers Hyderabad,2024,YORKER,DOWN_LEG,15,0.3244570925062474,0.15513527700424898
Sunrisers Hyderabad,2024,YORKER,ON_THE_STUMPS,49,0.8938052729860678,0.7244834574840694
Sunrisers Hyderabad,2024,YORKER,OUTSIDE_OFFSTUMP,14,0.13942296853345695,-0.029898846968541448
Sunrisers Hyderabad,2024,YORKER,WIDE_OUTSIDE_OFFSTUMP,8,0.9159988731570299,0.7466770576550315
