team,bat_impact_per100_2023,bat_impact_per100_2024,bat_change_per100,bowl_impact_per100_2023,bowl_impact_per100_2024,bowl_change_per100
Kolkata Knight Riders,-20.740605772433835,-1.7650030066614657,18.97560276577237,13.997991150206406,31.155773314225133,17.157782164018727
Delhi Capitals,-33.610013603286426,-22.00372228147514,11.606291321811284,20.75505646767864,16.499258038061356,-4.255798429617283
Lucknow Super Giants,-30.510757001692735,-20.753632648497017,9.757124353195717,27.815533709237673,8.435318181902632,-19.38021552733504
Sunrisers Hyderabad,-23.433967270553858,-14.983960485368254,8.450006785185604,12.89093904639063,11.781751803455142,-1.1091872429354872
Royal Challengers Bengaluru,-14.177891642949927,-7.497449569920672,6.680442073029255,16.979148063376854,11.849629880043992,-5.129518183332863
Rajasthan Royals,-18.438304006221497,-14.247518690746627,4.190785315474869,20.045420909411455,18.161495488367443,-1.8839254210440117
Punjab Kings,-20.531659342460188,-18.787128537766332,1.7445308046938557,12.499903333509662,14.975588959151157,2.4756856256414945
Chennai Super Kings,-15.214351411287913,-16.43687583282913,-1.2225244215412179,30.902452579958897,22.93891781815423,-7.963534761804667
Mumbai Indians,-11.109338864439918,-17.875111100567914,-6.7657722361279955,12.666251855748628,14.66161637856776,1.9953645228191323
Gujarat Titans,-13.397631713965675,-25.976174358123796,-12.578542644158121,28.723421319304524,9.553478795449694,-19.16994252385483
