ground,balls,runs_per_ball,mean_bowl_impact,mean_bat_impact,six_rate,matches,venue_factor,reliable
"Dr. Y.S. Rajasekhara Reddy ACA-VDCA Cricket Stadium, Visakhapatnam",469,1.6247334754797442,0.3100060225468376,-0.3100060225468376,0.09594882729211088,2,1.0930067365989675,False
"Eden Gardens, Kolkata",3020,1.6043046357615893,0.11362639354482418,-0.11362639354482418,0.08973509933774834,13,1.0792636459506686,True
"Wankhede Stadium, Mumbai",3241,1.5754396791113854,0.08506583057670822,-0.08506583057670822,0.08269052761493366,14,1.0598453274716981,True
"M Chinnaswamy Stadium, Bengaluru",3270,1.572782874617737,0.1175435983394931,-0.1175435983394931,0.0871559633027523,14,1.0580580157352137,True
"Himachal Pradesh Cricket Association Stadium, Dharamsala",945,1.5629629629629629,0.17881641792967706,-0.17881641792967706,0.07936507936507936,4,1.0514518678632956,True
"Arun Jaitley Stadium, Delhi",2852,1.555750350631136,0.19135033857287756,-0.19135033857287756,0.08099579242636747,12,1.0465997281209074,True
"Punjab Cricket Association IS Bindra Stadium, Mohali, Chandigarh",951,1.555205047318612,0.20548286782010292,-0.20548286782010292,0.06309148264984227,4,1.0462328862954182,True
"Rajiv Gandhi International Stadium, Uppal, Hyderabad",3036,1.522068511198946,0.13070550498638803,-0.13070550498638803,0.0714756258234519,13,1.023940948723531,True
"Narendra Modi Stadium, Ahmedabad",3681,1.4911708774789458,0.16602643970590875,-0.16602643970590875,0.07253463732681337,16,1.0031551876675793,True
"Sawai Mansingh Stadium, Jaipur",2287,1.4529951902055094,0.18280293334185507,-0.18280293334185507,0.06165282028858767,10,0.9774732626048606,True
"Barsapara Cricket Stadium, Guwahati",716,1.3798882681564246,0.23470807849171715,-0.23470807849171715,0.0446927374301676,3,0.9282920525802004,False
"Maharaja Yadavindra Singh International Cricket Stadium, Mullanpur",1189,1.3658536585365855,0.2089890106817224,-0.2089890106817224,0.05803195962994113,5,0.9188505515023135,True
"MA Chidambaram Stadium, Chepauk, Chennai",4167,1.3472522198224142,0.26028354424755307,-0.26028354424755307,0.051355891528677707,18,0.9063368080903249,True
"Bharat Ratna Shri Atal Bihari Vajpayee Ekana Cricket Stadium, Lucknow",3166,1.304801010739103,0.30423404792899306,-0.30423404792899306,0.05053695514845231,14,0.8777786118045435,True
