year,wagonzone_bp,balls,proportion
2023,1,685,0.04659863945578231
2023,2,1235,0.08401360544217687
2023,3,2926,0.19904761904761906
2023,4,2369,0.16115646258503402
2023,5,2120,0.14421768707482993
2023,6,2921,0.19870748299319727
2023,7,1589,0.10809523809523809
2023,8,855,0.058163265306122446
2024,1,701,0.049730419977298525
2024,2,1181,0.08378263337116913
2024,3,2859,0.20282349602724178
2024,4,2111,0.1497587968217934
2024,5,1974,0.14003972758229286
2024,6,2721,0.19303348467650397
2024,7,1607,0.11400397275822928
2024,8,942,0.06682746878547105
