zone,prop_2023,prop_2024,impact_2023,impact_2024,prop_change,impact_change
SHORT / OUTSIDE_OFFSTUMP,0.03230613339691244,0.055314936270263584,-0.22228147561660364,-0.06422438056810126,0.023008802873351143,0.15805709504850238
FULL / OUTSIDE_OFFSTUMP,0.10353460094176552,0.11223858433362208,-0.031821381306536695,-0.18834480362589395,0.00870398339185656,-0.15652342231935726
SHORT / DOWN_LEG,0.006973833224056744,0.014354659076846925,-0.8542366064786325,-0.10686568273060593,0.007380825852790181,0.7473709237480266
FULL / ON_THE_STUMPS,0.08863324789890922,0.09367652518252692,0.03766512127057296,-0.05724885224982105,0.0050432772836176976,-0.09491397352039402
SHORT / ON_THE_STUMPS,0.01889491565834178,0.023759435713401805,-0.2249705645506467,-0.046398482312013795,0.004864520055060027,0.1785720822386329
YORKER / WIDE_OUTSIDE_OFFSTUMP,0.0038743517911426356,0.0071154560079198115,0.5867675516618314,0.8660601953055327,0.003241104216777176,0.2792926436437013
FULL_TOSS / ON_THE_STUMPS,0.017106753293199023,0.019861403291671822,-0.23683106369823897,-0.1412263697440515,0.002754649998472799,0.09560469395418747
FULL_TOSS / OUTSIDE_OFFSTUMP,0.01490135304285629,0.016767726766489296,-0.32725312712665694,-0.2602147815162174,0.0018663737236330052,0.06703834561043953
FULL / WIDE_OUTSIDE_OFFSTUMP,0.020385050962627407,0.022088850389803242,-0.06016816382674767,-0.1224150872102504,0.0017037994271758353,-0.06224692338350274
SHORT / WIDE_OUTSIDE_OFFSTUMP,0.0019073731894856053,0.00346491770820443,-0.9372838620730995,-0.6719417674563289,0.0015575445187188247,0.2653420946167706
FULL_TOSS / DOWN_LEG,0.003993562615485486,0.004083653013240936,-0.221446163983915,-1.168657893476116,9.009039775544937e-05,-0.947211729492201
GOOD_LENGTH / WIDE_OUTSIDE_OFFSTUMP,0.011444239136913632,0.011260982551664397,0.06395075604990108,0.39021714682327097,-0.0001832565852492342,0.3262663907733699
YORKER / ON_THE_STUMPS,0.015020563867199141,0.014787773790372478,1.0848907556725176,1.364531159125242,-0.00023279007682666317,0.27964040345272445
FULL_TOSS / WIDE_OUTSIDE_OFFSTUMP,0.006973833224056744,0.006682341294394258,-0.47605361352277176,-0.547006182694046,-0.0002914919296624864,-0.07095256917127424
YORKER / OUTSIDE_OFFSTUMP,0.011265422900399356,0.010951614899146145,1.1192861076893175,0.6284563030610717,-0.00031380800125321157,-0.49082980462824577
YORKER / DOWN_LEG,0.004231984264171187,0.0035886647692117313,0.590488971673359,0.5885966738642859,-0.0006433194949594556,-0.0018922978090730735
SHORT_OF_A_GOOD_LENGTH / WIDE_OUTSIDE_OFFSTUMP,0.0070334386362281695,0.006372973641876005,-0.38293240160201514,-0.25251426527192344,-0.0006604649943521643,0.1304181363300917
GOOD_LENGTH / OUTSIDE_OFFSTUMP,0.18531322644096085,0.18370251206533844,0.46950437403379397,0.4285726860962657,-0.0016107143756224074,-0.04093168793752827
SHORT_OF_A_GOOD_LENGTH / DOWN_LEG,0.0180008344757704,0.015282762034401683,-0.05910655411354617,-0.20289304431134447,-0.002718072441368716,-0.1437864901977983
FULL / DOWN_LEG,0.016212672110627643,0.012807820814255662,-0.1843381975546647,-0.2785767190821651,-0.003404851296371981,-0.09423852152750037
GOOD_LENGTH / DOWN_LEG,0.02259045121297014,0.018933300334117064,0.17222292563102812,0.01735760046463878,-0.003657150878853075,-0.15486532516638934
SHORT_OF_A_GOOD_LENGTH / ON_THE_STUMPS,0.08314954997913811,0.0692983541640886,0.22911397883538326,0.05825256365584546,-0.01385119581504951,-0.1708614151795378
SHORT_OF_A_GOOD_LENGTH / OUTSIDE_OFFSTUMP,0.1438278595696489,0.12981066699665883,0.23220364436631005,0.2238674316293657,-0.014017192572990084,-0.008336212736944348
GOOD_LENGTH / ON_THE_STUMPS,0.16194790486976218,0.1431134760549437,0.397530483511986,0.49303893781799496,-0.018834428814818477,0.09550845430600896
