year,zone,balls,total_balls,proportion,mean_bowl_impact
2023,FULL / DOWN_LEG,272,16777,0.016212672110627643,-0.1843381975546647
2023,FULL / ON_THE_STUMPS,1487,16777,0.08863324789890922,0.03766512127057296
2023,FULL / OUTSIDE_OFFSTUMP,1737,16777,0.10353460094176552,-0.031821381306536695
2023,FULL / WIDE_OUTSIDE_OFFSTUMP,342,16777,0.020385050962627407,-0.06016816382674767
2023,FULL_TOSS / DOWN_LEG,67,16777,0.003993562615485486,-0.221446163983915
2023,FULL_TOSS / ON_THE_STUMPS,287,16777,0.017106753293199023,-0.23683106369823897
2023,FULL_TOSS / OUTSIDE_OFFSTUMP,250,16777,0.01490135304285629,-0.32725312712665694
2023,FULL_TOSS / WIDE_OUTSIDE_OFFSTUMP,117,16777,0.006973833224056744,-0.47605361352277176
2023,GOOD_LENGTH / DOWN_LEG,379,16777,0.02259045121297014,0.17222292563102812
2023,GOOD_LENGTH / ON_THE_STUMPS,2717,16777,0.16194790486976218,0.397530483511986
2023,GOOD_LENGTH / OUTSIDE_OFFSTUMP,3109,16777,0.18531322644096085,0.46950437403379397
2023,GOOD_LENGTH / WIDE_OUTSIDE_OFFSTUMP,192,16777,0.011444239136913632,0.06395075604990108
2023,SHORT / DOWN_LEG,117,16777,0.006973833224056744,-0.8542366064786325
2023,SHORT / ON_THE_STUMPS,317,16777,0.01889491565834178,-0.2249705645506467
2023,SHORT / OUTSIDE_OFFSTUMP,542,16777,0.03230613339691244,-0.22228147561660364
2023,SHORT / WIDE_OUTSIDE_OFFSTUMP,32,16777,0.0019073731894856053,-0.9372838620730995
2023,SHORT_OF_A_GOOD_LENGTH / DOWN_LEG,302,16777,0.0180008344757704,-0.05910655411354617
2023,SHORT_OF_A_GOOD_LENGTH / ON_THE_STUMPS,1395,16777,0.08314954997913811,0.22911397883538326
2023,SHORT_OF_A_GOOD_LENGTH / OUTSIDE_OFFSTUMP,2413,16777,0.1438278595696489,0.23220364436631005
2023,SHORT_OF_A_GOOD_LENGTH / WIDE_OUTSIDE_OFFSTUMP,118,16777,0.0070334386362281695,-0.38293240160201514
2023,YORKER / DOWN_LEG,71,16777,0.004231984264171187,0.590488971673359
2023,YORKER / ON_THE_STUMPS,252,16777,0.015020563867199141,1.0848907556725176
2023,YORKER / OUTSIDE_OFFSTUMP,189,16777,0.011265422900399356,1.1192861076893175
2023,YORKER / WIDE_OUTSIDE_OFFSTUMP,65,16777,0.0038743517911426356,0.5867675516618314
2024,FULL / DOWN_LEG,207,16162,0.012807820814255662,-0.2785767190821651
2024,FULL / ON_THE_STUMPS,1514,16162,0.09367652518252692,-0.05724885224982105
2024,FULL / OUTSIDE_OFFSTUMP,1814,16162,0.11223858433362208,-0.18834480362589395
2024,FULL / WIDE_OUTSIDE_OFFSTUMP,357,16162,0.022088850389803242,-0.1224150872102504
2024,FULL_TOSS / DOWN_LEG,66,16162,0.004083653013240936,-1.168657893476116
2024,FULL_TOSS / ON_THE_STUMPS,321,16162,0.019861403291671822,-0.1412263697440515
2024,FULL_TOSS / OUTSIDE_OFFSTUMP,271,16162,0.016767726766489296,-0.2602147815162174
2024,FULL_TOSS / WIDE_OUTSIDE_OFFSTUMP,108,16162,0.006682341294394258,-0.547006182694046
2024,GOOD_LENGTH / DOWN_LEG,306,16162,0.018933300334117064,0.01735760046463878
2024,GOOD_LENGTH / ON_THE_STUMPS,2313,16162,0.1431134760549437,0.49303893781799496
2024,GOOD_LENGTH / OUTSIDE_OFFSTUMP,2969,16162,0.18370251206533844,0.4285726860962657
2024,GOOD_LENGTH / WIDE_OUTSIDE_OFFSTUMP,182,16162,0.011260982551664397,0.39021714682327097
2024,SHORT / DOWN_LEG,232,16162,0.014354659076846925,-0.10686568273060593
2024,SHORT / ON_THE_STUMPS,384,16162,0.023759435713401805,-0.046398482312013795
2024,SHORT / OUTSIDE_OFFSTUMP,894,16162,0.055314936270263584,-0.06422438056810126
2024,SHORT / WIDE_OUTSIDE_OFFSTUMP,56,16162,0.00346491770820443,-0.6719417674563289
2024,SHORT_OF_A_GOOD_LENGTH / DOWN_LEG,247,16162,0.015282762034401683,-0.20289304431134447
2024,SHORT_OF_A_GOOD_LENGTH / ON_THE_STUMPS,1120,16162,0.0692983541640886,0.05825256365584546
2024,SHORT_OF_A_GOOD_LENGTH / OUTSIDE_OFFSTUMP,2098,16162,0.12981066699665883,0.2238674316293657
2024,SHORT_OF_A_GOOD_LENGTH / WIDE_OUTSIDE_OFFSTUMP,103,16162,0.006372973641876005,-0.25251426527192344
2024,YORKER / DOWN_LEG,58,16162,0.0035886647692117313,0.5885966738642859
2024,YORKER / ON_THE_STUMPS,239,16162,0.014787773790372478,1.364531159125242
2024,YORKER / OUTSIDE_OFFSTUMP,177,16162,0.010951614899146145,0.6284563030610717
2024,YORKER / WIDE_OUTSIDE_OFFSTUMP,115,16162,0.0071154560079198115,0.8660601953055327
